-- phpMyAdmin SQL Dump
-- version 4.0.10.6
-- http://www.phpmyadmin.net
--
-- Хост: 127.0.0.1:3306
-- Время создания: Май 13 2015 г., 22:29
-- Версия сервера: 5.5.41-log
-- Версия PHP: 5.4.35

SET SQL_MODE = "NO_AUTO_VALUE_ON_ZERO";
SET time_zone = "+00:00";


/*!40101 SET @OLD_CHARACTER_SET_CLIENT=@@CHARACTER_SET_CLIENT */;
/*!40101 SET @OLD_CHARACTER_SET_RESULTS=@@CHARACTER_SET_RESULTS */;
/*!40101 SET @OLD_COLLATION_CONNECTION=@@COLLATION_CONNECTION */;
/*!40101 SET NAMES utf8 */;

--
-- База данных: `timetable_znu`
--

-- --------------------------------------------------------

--
-- Структура таблицы `cathedra`
--

CREATE TABLE IF NOT EXISTS `cathedra` (
  `cathedra_id` int(3) NOT NULL AUTO_INCREMENT,
  `cathedra_name` varchar(150) NOT NULL,
  `id_edbo` int(11) NOT NULL,
  `id_deanery` int(11) NOT NULL,
  `id_faculty` int(10) DEFAULT NULL,
  PRIMARY KEY (`cathedra_id`),
  KEY `id_faculty` (`id_faculty`)
) ENGINE=InnoDB  DEFAULT CHARSET=utf8 AUTO_INCREMENT=70 ;

--
-- Дамп данных таблицы `cathedra`
--

INSERT INTO `cathedra` (`cathedra_id`, `cathedra_name`, `id_edbo`, `id_deanery`, `id_faculty`) VALUES
(1, 'Політології', 1981, 0, 13),
(2, 'Теорії та практики перекладу з англійської мови', 1904, 0, 7),
(3, 'Економічної кібернетики', 1918, 0, 6),
(4, 'Прикладної математики і механіки', 1888, 0, 1),
(6, 'Реклами та зв’язків з громадськістю', 17685, 0, 11),
(7, 'Загальної та прикладної екології і зоології', 1911, 0, 3),
(8, 'Міжнародної економіки та економічної теорії', 1916, 0, 6),
(9, 'Російської філології', 1896, 0, 10),
(10, 'Видавничої справи та редагування', 1900, 0, 11),
(12, 'Здоров`я людини та фізичної реабілітації', 14709, 0, 9),
(13, 'Соціальних комунікацій', 2572, 0, 11),
(14, 'Мисливствознавства та іхтіології', 1914, 0, 3),
(15, 'Управління персоналом і маркетингу', 12790, 0, 6),
(16, 'Ділової комунікації', 1922, 0, 5),
(17, 'Всесвітньої історії та міжнародних відносин', 1878, 0, 4),
(18, 'Медико-біологічних основ фізичного виховання та спорту', 1955, 0, 9),
(20, 'Фізичного виховання', 1946, 0, 9),
(21, 'Новітньої історії України', 1875, 0, 4),
(22, 'Джерелознавства, історіографії та спеціальних історичних дисциплин', 1879, 0, 4),
(23, 'Математичного моделювання', 1891, 0, 1),
(24, 'Хімії', 1913, 0, 3),
(26, 'Менеджменту організацій та логістики', 1925, 0, 5),
(27, 'Адміністративного та господарського права', 1929, 0, 12),
(28, 'Обліку та аудиту', 1919, 0, 6),
(29, 'Математичному аналізу', 1890, 0, 1),
(30, 'Фінансів та кредиту', 1917, 0, 6),
(31, 'Фізіології з курсом цивільного захисту', 1915, 0, 3),
(33, 'Туризму', 14708, 0, 9),
(34, 'Цивільного права', 1936, 0, 12),
(35, 'Історії України', 1877, 0, 4),
(36, 'Спортивних ігор', 1949, 0, 9),
(37, 'Іноземних мов професійного спрямування', 8644, 0, 7),
(38, 'Інформаційних технологій', 1892, 0, 1),
(39, 'Управління фінансово-економічною безпекою і проектами', 12789, 0, 6),
(40, 'Олімпійського та професійного спорту', 1952, 0, 9),
(41, 'Українознавства', 1895, 0, 10),
(42, 'Романської філології і перекладу', 1908, 0, 7),
(44, 'Української мови', 1893, 0, 10),
(45, 'Алгебри та геометрії', 1889, 0, 1),
(46, 'Прикладної фізики', 1885, 0, 2),
(47, 'Практичної психології', 1968, 0, 8),
(49, 'Кримінального права та правосуддя', 1934, 0, 12),
(50, 'Імунології та біохімії', 1910, 0, 3),
(51, 'Соціальної педагогіки', 1970, 0, 8),
(52, 'Акторської майстерності', 1960, 0, 8),
(53, 'Німецької філології і перекладу', 1907, 0, 7),
(54, 'Української літератури', 1894, 0, 10),
(55, 'Історії і теорії держави та права', 1931, 0, 12),
(56, 'Фізики та методики її викладання', 1887, 0, 2),
(57, 'Конституційного та трудового права', 1928, 0, 12),
(58, 'Філософії', 17686, 0, NULL),
(59, 'Соціальної філософії та упраління', 1983, 0, 13),
(60, 'Англійської філології', 1906, 0, 7),
(61, 'Фізики напівпровідників', 1884, 0, 2),
(62, 'Бізнес-адміністрування і менеджменту зовнішньо-економічної діяльності', 1924, 0, 5),
(63, 'Викладання другої іноземної мови', 8645, 0, 7),
(64, 'Фізики металів', 1886, 0, 2),
(65, 'Педагогіки та психології освітньої діяльності', 1966, 0, 8),
(66, 'Журналістики', 2566, 0, 11),
(67, 'Теорії та методики фізичного виховання і спорту', 2577, 0, 9),
(68, 'Садово-паркового господарства та генетики рослин', 1912, 0, 3),
(69, 'Соціології', 1978, 0, 13);

-- --------------------------------------------------------

--
-- Структура таблицы `classrooms`
--

CREATE TABLE IF NOT EXISTS `classrooms` (
  `classrooms_id` int(4) NOT NULL AUTO_INCREMENT,
  `classrooms_number` varchar(4) NOT NULL,
  `id_housing` tinyint(1) NOT NULL,
  `seats` int(4) NOT NULL,
  `comp_number` int(3) NOT NULL,
  `options` varchar(100) NOT NULL,
  `is_public` tinyint(1) NOT NULL,
  PRIMARY KEY (`classrooms_id`),
  KEY `id_housing` (`id_housing`)
) ENGINE=InnoDB  DEFAULT CHARSET=utf8 AUTO_INCREMENT=291 ;

--
-- Дамп данных таблицы `classrooms`
--

INSERT INTO `classrooms` (`classrooms_id`, `classrooms_number`, `id_housing`, `seats`, `comp_number`, `options`, `is_public`) VALUES
(50, '38', 1, 24, 12, '', 0),
(51, '40', 1, 24, 12, '', 0),
(52, '41', 1, 22, 12, '2', 0),
(53, '305', 6, 28, 14, '2', 0),
(54, '404', 6, 13, 13, '2', 0),
(55, '213', 7, 24, 12, '', 0),
(56, '01', 1, 2, 0, '4', 0),
(57, '02', 1, 10, 0, '4', 0),
(58, '09', 1, 4, 0, '5', 0),
(59, '10', 1, 18, 0, '4', 0),
(60, '13', 1, 6, 0, '5', 0),
(61, '14', 1, 6, 0, '6', 0),
(62, '17', 1, 8, 0, '6', 0),
(63, '24', 1, 24, 0, '4', 0),
(64, '28', 1, 16, 0, '7', 0),
(65, '33', 1, 20, 0, '5', 0),
(66, '34', 1, 24, 0, '4', 0),
(67, '36', 1, 90, 0, '', 0),
(68, '37', 1, 18, 0, '2', 0),
(72, '46', 1, 14, 0, '6', 0),
(73, '47', 1, 10, 0, '6', 0),
(74, '50', 1, 150, 0, '', 0),
(75, '51', 1, 18, 0, '5', 0),
(76, '51а', 1, 6, 0, '5', 0),
(77, '52', 1, 12, 0, '5', 0),
(78, '53', 1, 36, 0, '3', 0),
(79, '54', 1, 50, 0, '', 0),
(80, '55', 1, 115, 0, '', 0),
(81, '57', 1, 30, 0, '9', 0),
(82, '61', 1, 34, 0, '10', 0),
(83, '62', 1, 90, 0, '', 0),
(84, '64', 1, 30, 0, '9', 0),
(85, '102', 2, 12, 0, '11', 0),
(86, '103', 2, 15, 15, '', 0),
(87, '104', 2, 15, 15, '', 0),
(88, '105', 2, 15, 15, '', 0),
(89, '107', 2, 12, 0, '11', 0),
(90, '121', 2, 18, 18, '', 0),
(91, '117', 2, 42, 0, '', 0),
(92, '203', 2, 30, 0, '12', 0),
(93, '206', 2, 10, 0, '13', 0),
(94, '211', 2, 15, 0, '', 0),
(95, '214', 2, 30, 0, '12', 0),
(96, '216', 2, 30, 0, '12', 0),
(97, '219', 2, 16, 0, '', 0),
(98, '224', 2, 30, 0, '14', 0),
(99, '225а', 2, 12, 0, '', 0),
(102, '214', 2, 30, 0, '', 0),
(104, '226', 2, 62, 0, '', 0),
(105, '228', 2, 16, 0, '', 0),
(106, '229', 2, 90, 0, '', 0),
(107, '230', 2, 60, 0, '', 0),
(108, '234', 2, 44, 0, '', 0),
(109, '236', 2, 14, 0, '', 0),
(110, '238', 2, 30, 0, '', 0),
(111, '240', 2, 16, 0, '', 0),
(112, '241', 2, 40, 13, '', 0),
(113, '246', 2, 36, 0, '', 0),
(114, '248', 2, 42, 0, '', 0),
(115, '249', 2, 16, 0, '15', 0),
(116, '250', 2, 86, 0, '', 0),
(117, '250а', 2, 14, 0, '', 0),
(118, '251', 2, 15, 0, '', 0),
(119, '252', 2, 48, 0, '', 0),
(120, '311', 2, 10, 0, '11', 0),
(121, '312', 2, 20, 0, '16', 0),
(122, '314', 2, 42, 0, '', 0),
(123, '316', 2, 42, 0, '', 0),
(124, '318', 2, 16, 0, '', 0),
(125, '320', 2, 20, 0, '17', 0),
(126, '321', 2, 30, 0, '', 0),
(127, '323', 2, 8, 0, '', 0),
(128, '325', 2, 14, 0, '17', 0),
(130, '323', 2, 8, 0, '', 0),
(131, '325', 2, 14, 0, '', 0),
(132, '326', 2, 18, 0, '', 0),
(133, '327а', 2, 15, 0, '', 0),
(134, '327б', 2, 15, 0, '', 0),
(135, '328', 2, 72, 0, '', 0),
(136, '330', 2, 15, 15, '', 0),
(137, '406', 2, 16, 0, '', 0),
(138, '407', 2, 78, 0, '', 0),
(139, '408', 2, 108, 0, '', 0),
(140, '409', 2, 18, 0, '', 0),
(141, '412', 2, 48, 0, '', 0),
(142, '414', 2, 36, 0, '', 0),
(143, '415', 2, 10, 0, '', 0),
(144, '416', 2, 30, 0, '', 0),
(145, '417', 2, 12, 0, '19', 0),
(146, '418', 2, 16, 0, '12', 0),
(147, '419', 2, 30, 0, '20', 0),
(148, '420', 2, 36, 0, '1', 0),
(149, '421', 2, 48, 0, '1', 0),
(150, '423', 2, 111, 0, '1', 0),
(151, '425', 2, 72, 0, '1', 0),
(152, '427', 2, 15, 0, '1', 0),
(153, '114', 6, 18, 0, '1', 0),
(154, '115', 6, 30, 0, '1', 0),
(155, '116', 6, 72, 0, '1', 0),
(156, '301', 6, 24, 0, '1', 0),
(157, '302', 6, 48, 0, '1', 0),
(158, '303', 6, 33, 0, '1', 0),
(159, '304', 6, 24, 0, '1', 0),
(160, '305', 6, 14, 14, '', 0),
(161, '306', 6, 22, 0, '1', 0),
(162, '307', 6, 16, 0, '1', 0),
(163, '308', 6, 24, 0, '1', 0),
(164, '310', 6, 16, 0, '1', 0),
(165, '311', 6, 16, 0, '1', 0),
(166, '312', 6, 51, 0, '1', 0),
(167, '313', 6, 51, 0, '1', 0),
(168, '314', 6, 27, 0, '1', 0),
(169, '401', 6, 24, 0, '1', 0),
(170, '403', 6, 42, 0, '1', 0),
(172, '405', 6, 24, 0, '1', 0),
(173, '406', 6, 24, 0, '1', 0),
(174, '410', 6, 44, 0, '1', 0),
(175, '413', 6, 44, 0, '1', 0),
(176, '414', 6, 44, 0, '1', 0),
(177, '501', 6, 16, 0, '1', 0),
(178, '503', 6, 20, 0, '1', 0),
(179, '504', 6, 46, 0, '1', 0),
(180, '505', 6, 20, 0, '1', 0),
(181, '506', 6, 22, 0, '1', 0),
(182, '507', 6, 16, 0, '1', 0),
(183, '508', 6, 16, 0, '1', 0),
(184, '509', 6, 26, 0, '1', 0),
(185, '510', 6, 40, 0, '1', 0),
(186, '511', 6, 16, 0, '1', 0),
(187, '512', 6, 16, 0, '1', 0),
(188, '513', 6, 42, 0, '1', 0),
(189, '514', 6, 40, 0, '1', 0),
(190, '515', 6, 22, 0, '1', 0),
(194, '101', 3, 75, 0, '1', 0),
(195, '102', 3, 24, 0, '21', 0),
(196, '103', 3, 30, 0, '22', 0),
(197, '104', 3, 15, 0, '23', 0),
(198, '110', 3, 3, 0, '24', 0),
(199, '113', 3, 25, 0, '25', 0),
(200, '116', 3, 12, 0, '22', 0),
(201, '201', 3, 12, 0, '26', 0),
(202, '202', 3, 14, 0, '27', 0),
(203, '206', 3, 18, 0, '25', 0),
(204, '207', 3, 12, 0, '27', 0),
(205, '208', 3, 24, 0, '22', 0),
(206, '209', 3, 14, 0, '28', 0),
(207, '210', 3, 16, 0, '27', 0),
(208, '214', 3, 180, 0, '1', 0),
(209, '219', 3, 30, 0, '22', 0),
(210, '301', 3, 12, 0, '29', 0),
(211, '302', 3, 16, 0, '29', 0),
(212, '304', 3, 20, 0, '29', 0),
(213, '305', 3, 20, 0, '29', 0),
(214, '306', 3, 76, 0, '1', 0),
(215, '307', 3, 74, 0, '1', 0),
(216, '308', 3, 20, 0, '30', 0),
(217, '309', 3, 18, 0, '30', 0),
(218, '310а', 3, 26, 0, '30', 0),
(219, '313', 3, 12, 0, '21', 0),
(220, '108', 4, 18, 0, '31', 0),
(221, '109', 4, 10, 0, '38', 0),
(222, '116', 4, 16, 0, '1', 0),
(223, '117', 4, 16, 0, '1', 0),
(224, '118', 4, 28, 0, '1', 0),
(225, '119', 4, 16, 0, '1', 0),
(226, '125', 4, 30, 0, '1', 0),
(227, '126', 4, 30, 0, '1', 0),
(228, '126', 4, 30, 0, '1', 0),
(229, '206', 4, 45, 0, '32', 0),
(230, '207', 4, 30, 0, '38', 0),
(231, '225', 4, 12, 0, '1', 0),
(232, '237', 4, 28, 0, '34', 0),
(233, '305', 4, 24, 0, '32', 0),
(234, '307', 4, 26, 0, '35', 0),
(235, '328', 4, 60, 0, '1', 0),
(236, '329', 4, 18, 0, '1', 0),
(237, '330', 4, 16, 0, '1', 0),
(238, '333', 4, 18, 0, '1', 0),
(239, '336', 4, 30, 0, '36', 0),
(240, '101', 7, 34, 0, '37', 0),
(241, '119', 7, 48, 0, '37', 0),
(242, '119а', 4, 10, 0, '38', 0),
(243, '120', 4, 34, 0, '37', 0),
(244, '202', 4, 32, 0, '39', 0),
(245, '203', 4, 58, 0, '39', 0),
(246, '213', 4, 22, 12, '2', 0),
(247, '302', 4, 20, 0, '40', 0),
(248, 'а/з', 5, 150, 0, '1', 0),
(249, '102', 5, 20, 0, '43', 0),
(250, '106', 5, 30, 0, '1', 0),
(251, '107', 5, 26, 0, '1', 0),
(252, '109', 5, 24, 0, '1', 0),
(253, '111', 5, 30, 0, '1', 0),
(254, '125', 5, 23, 13, '1', 0),
(255, '127', 5, 24, 0, '1', 0),
(256, '202', 5, 56, 0, '42', 0),
(257, '203', 5, 26, 0, '41', 0),
(258, '204', 5, 22, 12, '1', 0),
(259, '205', 5, 32, 0, '1', 0),
(260, '206', 5, 30, 0, '1', 0),
(261, '207', 5, 26, 0, '1', 0),
(262, '213', 5, 18, 0, '1', 0),
(263, '214', 5, 15, 0, '44', 0),
(264, '215', 5, 22, 0, '1', 0),
(265, '220', 5, 26, 0, '1', 0),
(266, '221', 5, 22, 0, '1', 0),
(267, '302', 5, 30, 0, '1', 0),
(268, '307', 5, 30, 0, '1', 0),
(269, '308', 5, 50, 0, '1', 0),
(270, '310', 5, 10, 0, '7', 0),
(271, '313', 5, 26, 0, '1', 0),
(272, '317', 5, 12, 0, '46', 0),
(273, '318', 5, 12, 0, '1', 0),
(274, '321', 5, 22, 0, '1', 0),
(275, '325', 5, 22, 0, '1', 0),
(276, '326', 5, 30, 0, '3', 0),
(277, '327', 5, 66, 0, '3', 0),
(278, '329', 5, 22, 0, '1', 0),
(279, '103', 8, 15, 0, '1', 0),
(280, '104', 8, 66, 0, '1', 0),
(281, '105', 8, 48, 0, '1', 0),
(282, '117', 8, 81, 0, '1', 0),
(283, '202', 8, 24, 0, '1', 0),
(284, '203', 8, 28, 0, '1', 0),
(285, '205', 8, 16, 0, '1', 0),
(286, '206', 8, 24, 0, '1', 0),
(287, '208', 8, 16, 0, '1', 0),
(288, '222', 8, 56, 0, '1', 0),
(289, '217', 8, 38, 14, '1', 0),
(290, 'а/з', 8, 390, 0, '49', 0);

-- --------------------------------------------------------

--
-- Структура таблицы `class_type`
--

CREATE TABLE IF NOT EXISTS `class_type` (
  `classroom_id` int(4) NOT NULL,
  `spec_class_id` tinyint(2) NOT NULL,
  KEY `classroom_id` (`classroom_id`),
  KEY `spec_class_id` (`spec_class_id`)
) ENGINE=InnoDB DEFAULT CHARSET=utf8;

--
-- Дамп данных таблицы `class_type`
--

INSERT INTO `class_type` (`classroom_id`, `spec_class_id`) VALUES
(50, 2),
(51, 2),
(55, 2),
(67, 1),
(74, 1),
(79, 1),
(80, 1),
(83, 1),
(91, 1),
(86, 2),
(87, 2),
(88, 2),
(90, 2),
(94, 1),
(97, 1),
(99, 1),
(104, 1),
(105, 1),
(106, 1),
(107, 1),
(108, 1),
(109, 1),
(110, 1),
(111, 1),
(112, 2),
(113, 1),
(114, 1),
(116, 1),
(117, 1),
(118, 1),
(119, 1),
(122, 1),
(123, 1),
(124, 1),
(126, 3),
(127, 1),
(130, 1),
(132, 3),
(133, 1),
(134, 1),
(135, 1),
(136, 2),
(137, 1),
(138, 1),
(139, 1),
(140, 1),
(141, 1),
(142, 1),
(56, 4),
(57, 4),
(58, 5),
(59, 4),
(60, 5),
(61, 6),
(62, 6),
(63, 4),
(64, 7),
(65, 5),
(66, 4),
(68, 2),
(68, 8),
(52, 2),
(72, 6),
(73, 6),
(75, 5),
(76, 5),
(77, 5),
(78, 3),
(78, 5),
(81, 9),
(82, 10),
(84, 9),
(85, 11),
(89, 11),
(92, 12),
(93, 13),
(95, 12),
(96, 12),
(98, 14),
(115, 15),
(120, 11),
(121, 16),
(125, 17),
(128, 17),
(145, 19),
(146, 12),
(147, 20),
(148, 1),
(149, 1),
(150, 1),
(151, 1),
(152, 1),
(194, 1),
(195, 21),
(196, 22),
(197, 23),
(198, 24),
(199, 25),
(200, 22),
(201, 26),
(202, 27),
(203, 25),
(204, 27),
(205, 22),
(206, 28),
(207, 27),
(208, 1),
(209, 22),
(210, 29),
(211, 29),
(212, 29),
(213, 29),
(214, 1),
(215, 1),
(216, 30),
(217, 30),
(218, 30),
(219, 21),
(220, 31),
(221, 38),
(222, 1),
(223, 1),
(224, 1),
(225, 1),
(226, 1),
(227, 1),
(228, 1),
(229, 32),
(230, 38),
(231, 1),
(231, 33),
(232, 34),
(233, 32),
(234, 35),
(235, 1),
(236, 1),
(237, 1),
(238, 1),
(239, 36),
(240, 37),
(241, 37),
(242, 38),
(243, 37),
(244, 39),
(245, 39),
(246, 2),
(247, 40),
(248, 1),
(249, 43),
(250, 1),
(251, 1),
(252, 1),
(253, 1),
(254, 1),
(254, 2),
(255, 1),
(256, 42),
(257, 41),
(259, 1),
(258, 1),
(258, 2),
(260, 1),
(261, 1),
(262, 1),
(263, 44),
(264, 1),
(265, 1),
(266, 1),
(267, 1),
(268, 1),
(269, 1),
(270, 7),
(271, 1),
(272, 46),
(273, 1),
(274, 1),
(275, 1),
(276, 3),
(277, 3),
(278, 1),
(153, 1),
(154, 1),
(155, 1),
(156, 1),
(157, 1),
(158, 1),
(159, 1),
(53, 2),
(161, 1),
(162, 1),
(163, 1),
(164, 1),
(165, 1),
(166, 1),
(167, 1),
(168, 1),
(169, 1),
(170, 1),
(54, 2),
(172, 1),
(173, 1),
(174, 1),
(175, 1),
(176, 1),
(177, 1),
(178, 1),
(179, 1),
(180, 1),
(181, 1),
(182, 1),
(183, 1),
(184, 1),
(185, 1),
(186, 1),
(187, 1),
(188, 1),
(189, 1),
(190, 1),
(279, 1),
(280, 1),
(281, 1),
(282, 1),
(283, 1),
(284, 1),
(285, 1),
(286, 1),
(287, 1),
(288, 1),
(289, 1),
(289, 2),
(290, 49);

-- --------------------------------------------------------

--
-- Структура таблицы `discipline`
--

CREATE TABLE IF NOT EXISTS `discipline` (
  `discipline_id` int(4) NOT NULL AUTO_INCREMENT,
  `discipline_name` varchar(100) NOT NULL,
  PRIMARY KEY (`discipline_id`)
) ENGINE=InnoDB  DEFAULT CHARSET=utf8 AUTO_INCREMENT=2 ;

--
-- Дамп данных таблицы `discipline`
--

INSERT INTO `discipline` (`discipline_id`, `discipline_name`) VALUES
(1, 'Якість програмного забезпечення ');

-- --------------------------------------------------------

--
-- Структура таблицы `discipline_distribution`
--

CREATE TABLE IF NOT EXISTS `discipline_distribution` (
  `discipline_distribution_id` int(5) NOT NULL AUTO_INCREMENT,
  `id_discipline` int(4) NOT NULL,
  `id_edbo` int(11) NOT NULL,
  `id_deanery` int(11) NOT NULL,
  `id_cathedra` int(3) NOT NULL,
  `id_lessons_type` tinyint(2) NOT NULL,
  `id_group` int(4) NOT NULL,
  `course` int(1) NOT NULL,
  `hours` int(3) NOT NULL,
  `semestr_hours` int(3) NOT NULL,
  `id_classroom` int(4) NOT NULL,
  PRIMARY KEY (`discipline_distribution_id`),
  KEY `id_discipline` (`id_discipline`),
  KEY `id_cathedra` (`id_cathedra`),
  KEY `id_lessons_type` (`id_lessons_type`),
  KEY `id_group` (`id_group`),
  KEY `id_classroom` (`id_classroom`)
) ENGINE=InnoDB  DEFAULT CHARSET=utf8 AUTO_INCREMENT=3 ;

--
-- Дамп данных таблицы `discipline_distribution`
--

INSERT INTO `discipline_distribution` (`discipline_distribution_id`, `id_discipline`, `id_edbo`, `id_deanery`, `id_cathedra`, `id_lessons_type`, `id_group`, `course`, `hours`, `semestr_hours`, `id_classroom`) VALUES
(2, 1, 0, 0, 1, 1, 2502, 4, 1, 12, 50);

-- --------------------------------------------------------

--
-- Структура таблицы `faculty`
--

CREATE TABLE IF NOT EXISTS `faculty` (
  `faculty_id` int(10) NOT NULL AUTO_INCREMENT,
  `faculty_name` varchar(50) NOT NULL,
  `id_edbo` int(11) NOT NULL,
  `id_deanery` int(11) NOT NULL,
  PRIMARY KEY (`faculty_id`),
  KEY `id_edbo` (`id_edbo`)
) ENGINE=InnoDB  DEFAULT CHARSET=utf8 AUTO_INCREMENT=14 ;

--
-- Дамп данных таблицы `faculty`
--

INSERT INTO `faculty` (`faculty_id`, `faculty_name`, `id_edbo`, `id_deanery`) VALUES
(1, 'Математичний', 1634, 0),
(2, 'Фізичний', 1633, 0),
(3, 'Біологічний', 1639, 0),
(4, 'Історичний', 1632, 0),
(5, 'Факультет менеджменту', 1644, 0),
(6, 'Економічний', 1641, 0),
(7, 'Факультет іноземної філології', 1638, 0),
(8, 'Факультет соціальної педагогіки та психології', 1650, 0),
(9, 'Факультет фізичного виховання', 1647, 0),
(10, 'Філологічний', 1635, 0),
(11, 'Факультет журналістики', 1636, 0),
(12, 'Юридичний', 1645, 0),
(13, 'Факультет соціології та управління', 1654, 0);

-- --------------------------------------------------------

--
-- Структура таблицы `groups`
--

CREATE TABLE IF NOT EXISTS `groups` (
  `group_id` int(4) NOT NULL AUTO_INCREMENT,
  `main_group_name` varchar(50) NOT NULL,
  `is_subgroup` tinyint(1) NOT NULL,
  `id_speciality` int(4) DEFAULT NULL,
  `inflow_year` int(4) DEFAULT NULL,
  `parent_group` int(4) NOT NULL,
  `number_of_students` int(3) NOT NULL,
  `id_okr` tinyint(1) NOT NULL,
  `id_edebo` int(5) NOT NULL,
  PRIMARY KEY (`group_id`),
  KEY `id_speciality` (`id_speciality`),
  KEY `parent_group` (`parent_group`),
  KEY `id_okr` (`id_okr`)
) ENGINE=InnoDB  DEFAULT CHARSET=utf8 AUTO_INCREMENT=2974 ;

--
-- Дамп данных таблицы `groups`
--

INSERT INTO `groups` (`group_id`, `main_group_name`, `is_subgroup`, `id_speciality`, `inflow_year`, `parent_group`, `number_of_students`, `id_okr`, `id_edebo`) VALUES
(2502, '4234-з', 0, 22, 2014, 0, 0, 1, 419909),
(2503, 'Екстернат', 0, 56, 2013, 0, 0, 1, 439082),
(2504, 'Екстернат', 0, 57, 2013, 0, 0, 1, 439105),
(2505, '3414-е', 0, 62, 2014, 0, 0, 1, 410087),
(2506, '3413-е', 0, 62, 2013, 0, 0, 1, 325285),
(2507, '2334-з/ап ', 0, 111, 2014, 0, 0, 1, 427903),
(2508, '2334-з/а', 0, 112, 2014, 0, 0, 1, 427892),
(2509, '2334-з/у', 0, 113, 2014, 0, 0, 1, 429211),
(2510, ' 2331-з/у', 0, 113, 2011, 0, 0, 1, 325327),
(2511, '2334-п/п', 0, 114, 2014, 0, 0, 1, 429123),
(2512, '2333-1пбП', 0, 114, 2013, 0, 0, 1, 325334),
(2513, '2334-б/п', 0, 115, 2014, 0, 0, 1, 429124),
(2514, '2334-1ф/п', 0, 116, 2014, 0, 0, 1, 400088),
(2515, '2334-1н/п', 0, 117, 2014, 0, 0, 1, 400086),
(2516, '2334-1а/п', 0, 118, 2014, 0, 0, 1, 427792),
(2517, '2334-1ісп', 0, 119, 2014, 0, 0, 1, 400081),
(2518, '2334-1ф', 0, 120, 2014, 0, 0, 1, 400078),
(2519, '2334-1н', 0, 121, 2014, 0, 0, 1, 325424),
(2520, '2334-2а', 0, 122, 2014, 0, 0, 1, 400072),
(2521, '2334-1а', 0, 122, 2014, 0, 0, 1, 400068),
(2522, '2334-3а', 0, 122, 2014, 0, 0, 1, 400076),
(2523, '2334-р', 0, 123, 2014, 0, 0, 1, 428454),
(2524, '2332-1р', 0, 123, 2012, 0, 0, 1, 325339),
(2525, '2334-1у', 0, 124, 2014, 0, 0, 1, 428449),
(2526, '2334-2у', 0, 124, 2014, 0, 0, 1, 428450),
(2527, '2333-2у', 0, 124, 2013, 0, 0, 1, 325331),
(2528, '2332-1у', 0, 124, 2012, 0, 0, 1, 325336),
(2529, '2332-2у', 0, 124, 2012, 0, 0, 1, 325346),
(2530, '2179-2-з', 0, 125, 2010, 0, 0, 1, 204887),
(2531, '14134-з', 0, 125, 2014, 0, 0, 1, 406098),
(2532, '14133-з', 0, 125, 2013, 0, 0, 1, 325169),
(2533, '2179-2-з', 0, 125, 2010, 0, 0, 1, 204887),
(2534, '14130-1-з', 0, 125, 2010, 0, 0, 1, 325182),
(2535, '14134-2', 0, 126, 2014, 0, 0, 1, 406100),
(2536, '14134-1', 0, 126, 2014, 0, 0, 1, 406099),
(2537, '14133-1', 0, 126, 2013, 0, 0, 1, 325159),
(2538, '14133-2', 0, 126, 2013, 0, 0, 1, 325179),
(2539, '14132-2', 0, 126, 2012, 0, 0, 1, 325151),
(2540, '13124-з', 0, 127, 2014, 0, 0, 1, 303769),
(2541, '13123-з', 0, 127, 2013, 0, 0, 1, 303770),
(2542, '13120-з', 0, 127, 2010, 0, 0, 1, 303773),
(2543, '13124', 0, 128, 2014, 0, 0, 1, 303805),
(2544, '13123-1', 0, 128, 2013, 0, 0, 1, 303804),
(2545, '13121-1', 0, 128, 2011, 0, 0, 1, 303807),
(2546, '9134-1з', 0, 129, 2014, 0, 0, 1, 419972),
(2547, '9133-1з', 0, 129, 2013, 0, 0, 1, 354286),
(2548, '9132-1з', 0, 129, 2012, 0, 0, 1, 354298),
(2549, '9134-1', 0, 130, 2014, 0, 0, 1, 401193),
(2550, '9133-1', 0, 130, 2013, 0, 0, 1, 325026),
(2551, '9132-1', 0, 130, 2012, 0, 0, 1, 325057),
(2552, '9131-1', 0, 130, 2011, 0, 0, 1, 325021),
(2553, '5134', 0, 1, 2014, 0, 0, 1, 417041),
(2554, '5133-1', 0, 1, 2013, 0, 0, 1, 363209),
(2555, '5132-1', 0, 1, 2012, 0, 0, 1, 363213),
(2556, '5131-1', 0, 1, 2011, 0, 0, 1, 363221),
(2557, '4324-з', 0, 131, 2014, 0, 0, 1, 435746),
(2558, '4323-з', 0, 131, 2013, 0, 0, 1, 325067),
(2559, '4322-з', 0, 131, 2012, 0, 0, 1, 325072),
(2560, '4321-з', 0, 131, 2011, 0, 0, 1, 325103),
(2561, '4320-з', 0, 131, 2010, 0, 0, 1, 325073),
(2562, '4324', 0, 132, 2014, 0, 0, 1, 417034),
(2563, '4323-1', 0, 132, 2013, 0, 0, 1, 363144),
(2564, '4322-1', 0, 132, 2012, 0, 0, 1, 363145),
(2565, '4321-1', 0, 132, 2011, 0, 0, 1, 363147),
(2566, '4314', 0, 133, 2014, 0, 0, 1, 417029),
(2567, '4313-1', 0, 133, 2013, 0, 0, 1, 363137),
(2568, '4312-1', 0, 133, 2012, 0, 0, 1, 363140),
(2569, '4311-1', 0, 133, 2011, 0, 0, 1, 363142),
(2570, '4244', 0, 134, 2014, 0, 0, 1, 399772),
(2571, '4243-1', 0, 134, 2013, 0, 0, 1, 325013),
(2572, '4242-1', 0, 134, 2012, 0, 0, 1, 325008),
(2573, '4241-1', 0, 134, 2011, 0, 0, 1, 325017),
(2574, '4234', 0, 135, 2014, 0, 0, 1, 399771),
(2575, '4233-2', 0, 135, 2013, 0, 0, 1, 325010),
(2576, '4233-1', 0, 135, 2013, 0, 0, 1, 325012),
(2577, '4232-1', 0, 135, 2012, 0, 0, 1, 325014),
(2578, '4231-1', 0, 135, 2011, 0, 0, 1, 325002),
(2579, '4214-з', 0, 136, 2014, 0, 0, 1, 435752),
(2580, '4213-з', 0, 136, 2013, 0, 0, 1, 325109),
(2581, '4212-з', 0, 136, 2012, 0, 0, 1, 325101),
(2582, '4211-з', 0, 136, 2011, 0, 0, 1, 325077),
(2583, '4210-з', 0, 136, 2010, 0, 0, 1, 325081),
(2584, '4214-2', 0, 137, 2014, 0, 0, 1, 417027),
(2585, '4214-1', 0, 137, 2014, 0, 0, 1, 417025),
(2586, '4213-1', 0, 137, 2013, 0, 0, 1, 363068),
(2587, '4213-2', 0, 137, 2013, 0, 0, 1, 363079),
(2588, '4212-1', 0, 137, 2012, 0, 0, 1, 363094),
(2589, '4211-1', 0, 137, 2011, 0, 0, 1, 363109),
(2590, '4164-1', 0, 138, 2014, 0, 0, 1, 401179),
(2591, '4163-1', 0, 138, 2013, 0, 0, 1, 325035),
(2592, '4162-1', 0, 138, 2012, 0, 0, 1, 325045),
(2593, '4161-1', 0, 138, 2011, 0, 0, 1, 325039),
(2594, '4124-1з', 0, 139, 2014, 0, 0, 1, 415751),
(2595, '4123-1з', 0, 139, 2013, 0, 0, 1, 325056),
(2596, '4121-2з', 0, 139, 2011, 0, 0, 1, 354310),
(2597, '4121-1з', 0, 139, 2011, 0, 0, 1, 359873),
(2598, '4120-1з', 0, 139, 2010, 0, 0, 1, 359879),
(2599, '4120-2з', 0, 139, 2010, 0, 0, 1, 359880),
(2600, '4120-3з', 0, 139, 2010, 0, 0, 1, 359881),
(2601, '4124-1', 0, 140, 2014, 0, 0, 1, 401146),
(2602, '4124-2', 0, 140, 2014, 0, 0, 1, 401158),
(2603, '4123-1', 0, 140, 2013, 0, 0, 1, 325061),
(2604, '4123-2', 0, 140, 2013, 0, 0, 1, 325031),
(2605, '4122-2', 0, 140, 2012, 0, 0, 1, 325046),
(2606, '4114-1', 0, 141, 2014, 0, 0, 1, 401172),
(2607, '4113-1', 0, 141, 2013, 0, 0, 1, 325062),
(2608, '4112-1', 0, 141, 2012, 0, 0, 1, 325063),
(2609, '4111-1', 0, 141, 2011, 0, 0, 1, 360360),
(2610, '3614-з', 0, 142, 2014, 0, 0, 1, 400502),
(2611, ' 3613-1-6', 0, 142, 2013, 0, 0, 1, 325233),
(2612, '3610-2-6', 0, 142, 2010, 0, 0, 1, 325237),
(2613, '3610-3-6', 0, 142, 2010, 0, 0, 1, 325239),
(2614, '3610-1-6', 0, 142, 2010, 0, 0, 1, 325216),
(2615, '3614-1', 0, 2, 2014, 0, 0, 1, 328329),
(2616, '3614-2', 0, 2, 2014, 0, 0, 1, 400485),
(2617, '3614-3', 0, 2, 2014, 0, 0, 1, 420435),
(2618, '3613-1-1', 0, 2, 2013, 0, 0, 1, 325232),
(2619, '3613-2-1', 0, 2, 2013, 0, 0, 1, 325212),
(2620, '3613-3-1', 0, 2, 2013, 0, 0, 1, 325219),
(2621, '3612-3-1', 0, 2, 2012, 0, 0, 1, 325222),
(2622, '3594-з', 0, 143, 2014, 0, 0, 1, 428921),
(2623, '3593-з', 0, 143, 2013, 0, 0, 1, 321515),
(2624, '3590-з', 0, 143, 2010, 0, 0, 1, 321596),
(2625, '3594-1', 0, 144, 2014, 0, 0, 1, 427653),
(2626, '3594-2', 0, 144, 2014, 0, 0, 1, 407360),
(2627, '3593-1', 0, 144, 2013, 0, 0, 1, 428814),
(2628, '3592-1', 0, 144, 2012, 0, 0, 1, 384279),
(2629, '3592-1', 0, 144, 2012, 0, 0, 1, 426575),
(2630, '3591-1', 0, 144, 2011, 0, 0, 1, 426359),
(2631, '3584-з', 0, 145, 2014, 0, 0, 1, 428918),
(2632, '3583-з', 0, 145, 2013, 0, 0, 1, 321421),
(2633, '3580-з', 0, 145, 2010, 0, 0, 1, 321472),
(2634, '3584-2', 0, 146, 2014, 0, 0, 1, 426156),
(2635, '3584-1', 0, 146, 2014, 0, 0, 1, 411373),
(2636, '3583-2', 0, 146, 2013, 0, 0, 1, 428789),
(2637, '3582-1', 0, 146, 2012, 0, 0, 1, 426577),
(2638, '3581-1', 0, 146, 2011, 0, 0, 1, 426378),
(2639, '3574', 0, 147, 2014, 0, 0, 1, 426307),
(2640, '3554', 0, 148, 2014, 0, 0, 1, 407365),
(2641, '3553', 0, 148, 2013, 0, 0, 1, 325568),
(2642, '3551-1', 0, 148, 2011, 0, 0, 1, 426410),
(2643, '3534', 0, 149, 2014, 0, 0, 1, 427576),
(2644, '3533-1', 0, 149, 2013, 0, 0, 1, 398478),
(2645, '3532-1', 0, 149, 2012, 0, 0, 1, 426573),
(2646, '3531-1', 0, 149, 2011, 0, 0, 1, 426343),
(2647, '3524', 0, 150, 2014, 0, 0, 1, 407369),
(2648, '3523-1', 0, 150, 2013, 0, 0, 1, 383363),
(2649, '3522-1', 0, 150, 2012, 0, 0, 1, 383873),
(2650, '3521-1', 0, 150, 2011, 0, 0, 1, 383876),
(2651, '3414-з', 0, 151, 2014, 0, 0, 1, 410099),
(2652, '3411-1з', 0, 151, 2011, 0, 0, 1, 325319),
(2653, '3410-2з', 0, 151, 2010, 0, 0, 1, 325323),
(2654, '3410-1з', 0, 151, 2010, 0, 0, 1, 325309),
(2655, '3420-6', 0, 152, 2011, 0, 0, 1, 202050),
(2656, '3414-5', 0, 152, 2014, 0, 0, 1, 410096),
(2657, '3414-6', 0, 152, 2014, 0, 0, 1, 410097),
(2658, '3414-3', 0, 152, 2014, 0, 0, 1, 410093),
(2659, '3414-1', 0, 152, 2014, 0, 0, 1, 410091),
(2660, '3414-2', 0, 152, 2014, 0, 0, 1, 410092),
(2661, '3414-4', 0, 152, 2014, 0, 0, 1, 410094),
(2662, '3413-1', 0, 152, 2013, 0, 0, 1, 325310),
(2663, '3413-4', 0, 152, 2013, 0, 0, 1, 325287),
(2664, '3413-5', 0, 152, 2013, 0, 0, 1, 325316),
(2665, '3413-3', 0, 152, 2013, 0, 0, 1, 325321),
(2666, '3420-6', 0, 152, 2011, 0, 0, 1, 202050),
(2667, '3334-з', 0, 153, 2014, 0, 0, 1, 421185),
(2668, '3332-з', 0, 153, 2012, 0, 0, 1, 468624),
(2669, '3334', 0, 154, 2014, 0, 0, 1, 412127),
(2670, '3331-1', 0, 154, 2011, 0, 0, 1, 325514),
(2671, '3324-з', 0, 155, 2014, 0, 0, 1, 421153),
(2672, '3323-з', 0, 155, 2013, 0, 0, 1, 325528),
(2673, '3321-з', 0, 155, 2011, 0, 0, 1, 325523),
(2674, '3320-з', 0, 155, 2010, 0, 0, 1, 325502),
(2675, '3324-1', 0, 156, 2014, 0, 0, 1, 412119),
(2676, '3324-2', 0, 156, 2014, 0, 0, 1, 412124),
(2677, '3323-2', 0, 156, 2013, 0, 0, 1, 325496),
(2678, '3323-1', 0, 156, 2013, 0, 0, 1, 325530),
(2679, '3322-2', 0, 156, 2012, 0, 0, 1, 325522),
(2680, '3322-1', 0, 156, 2012, 0, 0, 1, 325513),
(2681, '3321-1', 0, 156, 2011, 0, 0, 1, 325511),
(2682, '3314-з', 0, 157, 2014, 0, 0, 1, 421151),
(2683, '3313-з', 0, 157, 2013, 0, 0, 1, 325508),
(2684, '3312-з', 0, 157, 2012, 0, 0, 1, 325526),
(2685, '3311-з', 0, 157, 2011, 0, 0, 1, 325512),
(2686, '3310-з', 0, 157, 2010, 0, 0, 1, 325519),
(2687, '3314-2', 0, 158, 2014, 0, 0, 1, 412080),
(2688, '3314-1', 0, 158, 2014, 0, 0, 1, 412077),
(2689, '3313-1', 0, 158, 2013, 0, 0, 1, 325507),
(2690, '3313-2', 0, 158, 2013, 0, 0, 1, 325515),
(2691, '3312-1', 0, 158, 2012, 0, 0, 1, 325524),
(2692, '3312-2', 0, 158, 2012, 0, 0, 1, 325527),
(2693, '3311-1', 0, 158, 2011, 0, 0, 1, 325517),
(2694, '3254-1', 0, 159, 2014, 0, 0, 1, 415064),
(2695, '3254-2', 0, 159, 2014, 0, 0, 1, 415065),
(2696, '3253-1', 0, 159, 2013, 0, 0, 1, 325114),
(2697, '3252-1', 0, 159, 2012, 0, 0, 1, 325131),
(2698, '3251-1', 0, 159, 2011, 0, 0, 1, 325112),
(2699, '3144', 0, 160, 2014, 0, 0, 1, 303786),
(2700, '3143-1', 0, 160, 2013, 0, 0, 1, 303787),
(2701, '3142-1', 0, 160, 2012, 0, 0, 1, 303788),
(2702, '3141-1', 0, 160, 2011, 0, 0, 1, 303789),
(2703, '3124-з', 0, 161, 2014, 0, 0, 1, 430101),
(2704, '3121-1з', 0, 161, 2011, 0, 0, 1, 325284),
(2705, '3121-2з', 0, 161, 2011, 0, 0, 1, 325267),
(2706, '3120-1з', 0, 161, 2010, 0, 0, 1, 325274),
(2707, '3120-2з', 0, 161, 2010, 0, 0, 1, 325261),
(2708, '3124-2', 0, 162, 2014, 0, 0, 1, 430025),
(2709, '3124-1', 0, 162, 2014, 0, 0, 1, 430016),
(2710, '3123-2', 0, 162, 2013, 0, 0, 1, 325255),
(2711, '3123-1', 0, 162, 2013, 0, 0, 1, 325281),
(2712, '3121-2', 0, 162, 2011, 0, 0, 1, 325252),
(2713, '3121-1', 0, 162, 2011, 0, 0, 1, 325260),
(2714, '3114-з', 0, 163, 2014, 0, 0, 1, 303764),
(2715, '3113-з', 0, 163, 2013, 0, 0, 1, 303761),
(2716, '3112-з', 0, 163, 2012, 0, 0, 1, 303762),
(2717, '3111-з', 0, 163, 2011, 0, 0, 1, 303763),
(2718, '3110-з', 0, 163, 2010, 0, 0, 1, 303765),
(2719, '3114', 0, 164, 2014, 0, 0, 1, 303795),
(2720, '3113-1', 0, 164, 2013, 0, 0, 1, 303796),
(2721, '3112-1', 0, 164, 2012, 0, 0, 1, 303797),
(2722, '3111-1', 0, 164, 2011, 0, 0, 1, 303798),
(2723, '2324-з', 0, 165, 2014, 0, 0, 1, 415418),
(2724, '2320-з', 0, 165, 2010, 0, 0, 1, 317619),
(2725, '2324-2', 0, 166, 2014, 0, 0, 1, 415061),
(2726, '2324-1', 0, 166, 2014, 0, 0, 1, 415056),
(2727, '2323-1', 0, 166, 2013, 0, 0, 1, 317602),
(2728, '2323-2', 0, 166, 2013, 0, 0, 1, 317604),
(2729, '2322-1', 0, 166, 2012, 0, 0, 1, 317612),
(2730, '2322-2', 0, 166, 2012, 0, 0, 1, 317611),
(2731, '2321-2', 0, 166, 2011, 0, 0, 1, 317615),
(2732, '2321-1', 0, 166, 2011, 0, 0, 1, 317614),
(2733, '2314', 0, 167, 2014, 0, 0, 1, 303792),
(2734, '2313-1', 0, 167, 2013, 0, 0, 1, 303793),
(2735, '2214', 0, 168, 2014, 0, 0, 1, 325271),
(2736, '2213', 0, 168, 2013, 0, 0, 1, 325251),
(2737, '2212-1', 0, 168, 2012, 0, 0, 1, 325269),
(2738, '2211-1', 0, 168, 2011, 0, 0, 1, 325246),
(2739, '1214-з', 0, 169, 2014, 0, 0, 1, 406096),
(2740, '1230-з', 0, 169, 2010, 0, 0, 1, 325178),
(2741, '1234-2', 0, 170, 2014, 0, 0, 1, 406105),
(2742, '1234-1', 0, 170, 2014, 0, 0, 1, 406104),
(2743, '1233-1', 0, 170, 2013, 0, 0, 1, 325146),
(2744, '1214-з', 0, 171, 2014, 0, 0, 1, 406092),
(2745, '1213-з', 0, 171, 2013, 0, 0, 1, 325139),
(2746, '1220-2-з', 0, 171, 2010, 0, 0, 1, 325190),
(2747, '1220-1-з', 0, 171, 2010, 0, 0, 1, 325160),
(2748, '1224-1', 0, 172, 2014, 0, 0, 1, 406101),
(2749, '1223-2', 0, 172, 2013, 0, 0, 1, 325170),
(2750, '1223-1', 0, 172, 2013, 0, 0, 1, 325195),
(2751, '1214-з', 0, 173, 2014, 0, 0, 1, 406087),
(2752, '1211-1-з', 0, 173, 2011, 0, 0, 1, 325201),
(2753, '1210-з', 0, 173, 2010, 0, 0, 1, 325183),
(2754, '1214-1', 0, 174, 2014, 0, 0, 1, 406102),
(2755, '1214-2', 0, 174, 2014, 0, 0, 1, 406103),
(2756, '1213-2', 0, 174, 2013, 0, 0, 1, 325165),
(2757, '1212-1', 0, 174, 2012, 0, 0, 1, 325166),
(2758, '1211-1', 0, 174, 2011, 0, 0, 1, 325189),
(2759, '1164-з', 0, 175, 2014, 0, 0, 1, 430091),
(2760, '1160-з', 0, 175, 2010, 0, 0, 1, 325278),
(2761, '1164', 0, 176, 2014, 0, 0, 1, 325279),
(2762, '1163', 0, 176, 2013, 0, 0, 1, 325248),
(2763, '1161-1', 0, 176, 2011, 0, 0, 1, 325253),
(2764, '5131-1(1)', 1, 1, 2011, 2556, 10, 1, 0),
(2765, '7.35914-з', 0, NULL, 2014, 0, 0, 2, 429217),
(2766, '7.12114-з', 0, NULL, 2014, 0, 0, 2, 325153),
(2767, '7.41214-2з', 0, NULL, 2014, 0, 0, 2, 325019),
(2768, '7.41214-1з', 0, NULL, 2014, 0, 0, 2, 325028),
(2769, '7.42114-з', 0, NULL, 2014, 0, 0, 2, 435773),
(2770, '7.12214', 0, NULL, 2014, 0, 0, 2, 325186),
(2771, '7.34114-1з', 0, NULL, 2014, 0, 0, 2, 410084),
(2772, '7.34114-2з', 0, NULL, 2014, 0, 0, 2, 410086),
(2773, ' 7.12324-з', 0, NULL, 2014, 0, 0, 2, 325138),
(2774, '7.23314-з/у', 0, NULL, 2014, 0, 0, 2, 432472),
(2775, '7.131214-з', 0, NULL, 2014, 0, 0, 2, 303774),
(2776, '7.23344-з/ап', 0, 25, 2014, 0, 0, 2, 427931),
(2777, '7.23344-а/п', 0, 26, 2014, 0, 0, 2, 325379),
(2778, '7.23344-ф/п', 0, 27, 2014, 0, 0, 2, 325400),
(2779, '7.23344-н/п', 0, 28, 2014, 0, 0, 2, 325401),
(2780, '7.23324-ісп', 0, 29, 2014, 0, 0, 2, 325411),
(2781, '7.23324-ф', 0, 30, 2014, 0, 0, 2, 325387),
(2782, '7.23324-н', 0, 31, 2014, 0, 0, 2, 325423),
(2783, '7.23324-а', 0, 32, 2014, 0, 0, 2, 325377),
(2784, '7.23324-з/ф', 0, 34, 2014, 0, 0, 2, 427930),
(2785, '7.23324-з/н', 0, 35, 2014, 0, 0, 2, 427928),
(2786, '7.23324-з/а', 0, 36, 2014, 0, 0, 2, 427927),
(2787, '7.23324-р', 0, 37, 2014, 0, 0, 2, 428954),
(2788, '7.11614', 0, 298, 2014, 0, 0, 2, 430044),
(2789, '7.11614-з', 0, 299, 2014, 0, 0, 2, 430097),
(2790, '7.12114-з', 0, 300, 2014, 0, 0, 2, 325153),
(2791, '7.12114', 0, 301, 2014, 0, 0, 2, 325171),
(2792, '7.12214', 0, 302, 2014, 0, 0, 2, 325186),
(2793, ' 7.12214-з', 0, 303, 2014, 0, 0, 2, 325175),
(2794, ' 7.12324-з', 0, 304, 2014, 0, 0, 2, 325138),
(2795, '7.12324', 0, 305, 2014, 0, 0, 2, 407299),
(2796, '7.22114', 0, 306, 2014, 0, 0, 2, 430058),
(2797, '7.23214', 0, 307, 2014, 0, 0, 2, 415068),
(2798, '7.23234', 0, 310, 2014, 0, 0, 2, 415189),
(2799, '7.23314-у', 0, 311, 2014, 0, 0, 2, 428936),
(2800, '7.23314-з/у', 0, 312, 2014, 0, 0, 2, 432472),
(2801, '7.31114', 0, 313, 2014, 0, 0, 2, 303799),
(2802, '7.31114-з', 0, 314, 2014, 0, 0, 2, 303766),
(2803, '7.31214', 0, 315, 2014, 0, 0, 2, 430051),
(2804, '7.31214-1з', 0, 316, 2014, 0, 0, 2, 430109),
(2805, '7.31414', 0, 317, 2014, 0, 0, 2, 303790),
(2806, '7.32514', 0, 318, 2014, 0, 0, 2, 415194),
(2807, '7.3314-з', 0, 319, 2014, 0, 0, 2, 421149),
(2808, '7.33114', 0, 320, 2014, 0, 0, 2, 412137),
(2809, '7.33214', 0, 321, 2014, 0, 0, 2, 412142),
(2810, '7.33214-з', 0, 322, 2014, 0, 0, 2, 421141),
(2811, '7.33223-з', 0, 323, 2014, 0, 0, 2, 213651),
(2812, '7.33223-з', 0, 323, 2014, 0, 0, 2, 213651),
(2813, '7.33224-з', 0, 323, 2014, 0, 0, 2, 421137),
(2814, '7.33314', 0, 325, 2014, 0, 0, 2, 412139),
(2815, '7.34114-4', 0, 326, 2014, 0, 0, 2, 410071),
(2816, '7.34114-2', 0, 326, 2014, 0, 0, 2, 410060),
(2817, '7.34114-1', 0, 326, 2014, 0, 0, 2, 410059),
(2818, '7.34114-3', 0, 326, 2014, 0, 0, 2, 410068),
(2819, '7.34114-1з', 0, 327, 2014, 0, 0, 2, 410084),
(2820, '7.34114-2з', 0, 327, 2014, 0, 0, 2, 410086),
(2821, '7.35214', 0, 328, 2014, 0, 0, 2, 427212),
(2822, '7.35314', 0, 330, 2014, 0, 0, 2, 427281),
(2823, '7.35814', 0, 331, 2014, 0, 0, 2, 427320),
(2824, '7.35814-з', 0, 332, 2014, 0, 0, 2, 429231),
(2825, '7.35914-з', 0, 333, 2014, 0, 0, 2, 429217),
(2826, '7.35914', 0, 334, 2014, 0, 0, 2, 427299),
(2827, '7.36114', 0, 335, 2014, 0, 0, 2, 328767),
(2828, '7.36114-з', 0, 336, 2014, 0, 0, 2, 328810),
(2829, '7.36144', 0, 337, 2014, 0, 0, 2, 328773),
(2830, '7.36144-з', 0, 338, 2014, 0, 0, 2, 328817),
(2831, '7.41114-1', 0, 339, 2014, 0, 0, 2, 419888),
(2832, '7.41214-1', 0, 340, 2014, 0, 0, 2, 419823),
(2833, '7.41214-2з', 0, 341, 2014, 0, 0, 2, 325019),
(2834, '7.41214-1з', 0, 341, 2014, 0, 0, 2, 325028),
(2835, '7.41614-1', 0, 342, 2014, 0, 0, 2, 419840),
(2836, '7.42114', 0, 343, 2014, 0, 0, 2, 417707),
(2837, '7.42114-з', 0, 344, 2014, 0, 0, 2, 435773),
(2838, '7.42314', 0, 345, 2014, 0, 0, 2, 325011),
(2839, '7.42324', 0, 347, 2014, 0, 0, 2, 325004),
(2840, '7.42414', 0, 349, 2014, 0, 0, 2, 325016),
(2841, '7.43114', 0, 350, 2014, 0, 0, 2, 417720),
(2842, '7.43214', 0, 352, 2014, 0, 0, 2, 417723),
(2843, '7.51324', 0, 354, 2014, 0, 0, 2, 417731),
(2844, '7.131214', 0, 355, 2014, 0, 0, 2, 303803),
(2845, '7.131214-з', 0, 356, 2014, 0, 0, 2, 303774),
(2846, '7.141314', 0, 357, 2014, 0, 0, 2, 407300),
(2847, '7.141314-з', 0, 358, 2014, 0, 0, 2, 407348),
(2848, '8.36144', 0, NULL, 2014, 0, 0, 3, 328392),
(2849, '8.3613-4', 0, NULL, 2013, 0, 0, 3, 325223),
(2850, '8.36144-з', 0, NULL, 2014, 0, 0, 3, 328855),
(2851, '8.3613-4-6', 0, NULL, 2013, 0, 0, 3, 320970),
(2852, '8.35814-з', 0, NULL, 2014, 0, 0, 3, 429167),
(2853, '8.36144', 0, NULL, 2014, 0, 0, 3, 328392),
(2854, '8.3613-4', 0, NULL, 2013, 0, 0, 3, 325223),
(2855, '8.34114-2', 0, NULL, 2014, 0, 0, 3, 325291),
(2856, '8.34114-1', 0, NULL, 2014, 0, 0, 3, 325290),
(2857, '8.23314-з/у', 0, NULL, 2014, 0, 0, 3, 432478),
(2858, '8.23324-з/р', 0, NULL, 2014, 0, 0, 3, 432485),
(2859, '8.181144-з', 0, NULL, 2014, 0, 0, 3, 429177),
(2860, '8.181214-з', 0, NULL, 2014, 0, 0, 3, 430113),
(2861, '8.34114-з', 0, NULL, 2014, 0, 0, 3, 410083),
(2862, '8.23314-у', 0, NULL, 2014, 0, 0, 3, 325326),
(2863, '8.12114-з', 0, NULL, 2014, 0, 0, 3, 325141),
(2864, '8.23324-а', 0, NULL, 2014, 0, 0, 3, 325374),
(2865, '8.36144', 0, 5, 2014, 0, 0, 3, 328392),
(2866, '8.3613-4', 0, 5, 2013, 0, 0, 3, 325223),
(2867, '8.181144-з', 0, 17, 2014, 0, 0, 3, 429177),
(2868, '8.23324-ф', 0, 20, 2014, 0, 0, 3, 400060),
(2869, '8.23344-ф/п', 0, 39, 2014, 0, 0, 3, 325358),
(2870, '8.23344-н/п', 0, 40, 2014, 0, 0, 3, 325418),
(2871, '8.23344-а/п', 0, 41, 2014, 0, 0, 3, 325372),
(2872, '8.23344-з/ап', 0, 42, 2014, 0, 0, 3, 325405),
(2873, '8.23324-ісп', 0, 43, 2014, 0, 0, 3, 325430),
(2874, '8.23324-ф', 0, NULL, 2014, 0, 0, 3, 400060),
(2875, '8.23324-н', 0, 45, 2014, 0, 0, 3, 325416),
(2876, '8.23324-а', 0, 46, 2014, 0, 0, 3, 325374),
(2877, '8.23324-з/ісп', 0, 47, 2014, 0, 0, 3, 325364),
(2878, '8.23324-з/ф', 0, 48, 2014, 0, 0, 3, 402019),
(2879, '8.23324-з/н', 0, 49, 2014, 0, 0, 3, 325388),
(2880, '8.23324-з/а', 0, 50, 2014, 0, 0, 3, 325420),
(2881, '8.23324-з/р', 0, 51, 2014, 0, 0, 3, 432485),
(2882, '8.23324-р', 0, 52, 2014, 0, 0, 3, 325325),
(2883, '8.91324-1', 0, 222, 2014, 0, 0, 3, 432138),
(2884, '8.181174', 0, 223, 2014, 0, 0, 3, 427555),
(2885, '8.181214', 0, 224, 2014, 0, 0, 3, 325259),
(2886, '8.181214-з', 0, 225, 2014, 0, 0, 3, 430113),
(2887, '8.181194', 0, 226, 2014, 0, 0, 3, 412130),
(2888, ' 8.181193', 0, 226, 2013, 0, 0, 3, 325504),
(2889, '8.181194-з', 0, 227, 2014, 0, 0, 3, 421160),
(2890, '8.181193-з', 0, 227, 2013, 0, 0, 3, 325498),
(2891, '8.181164', 0, 228, 2014, 0, 0, 3, 328361),
(2892, '8.3613-6', 0, 228, 2013, 0, 0, 3, 325243),
(2893, '8.181144', 0, 229, 2014, 0, 0, 3, 427497),
(2894, '8.181143', 0, 229, 2013, 0, 0, 3, 325555),
(2895, '8.181134', 0, 230, 2014, 0, 0, 3, 427507),
(2896, '8.181133', 0, 230, 2013, 0, 0, 3, 383893),
(2897, '8.15124', 0, 231, 2014, 0, 0, 3, 303794),
(2898, '8.15123', 0, 231, 2014, 0, 0, 3, 193426),
(2899, '8.15124-з', 0, 232, 2014, 0, 0, 3, 303779),
(2900, '8.15123-з', 0, 232, 2013, 0, 0, 3, 303778),
(2901, '8.141314', 0, 233, 2014, 0, 0, 3, 407303),
(2902, '8.141313', 0, 233, 2013, 0, 0, 3, 325145),
(2903, '8.131214', 0, 234, 2014, 0, 0, 3, 303802),
(2904, '8.131214-з', 0, 235, 2014, 0, 0, 3, 303775),
(2905, '8.51324', 0, 236, 2014, 0, 0, 3, 417760),
(2906, '8.51323-1', 0, 236, 2013, 0, 0, 3, 428227),
(2907, '8.43214', 0, 237, 2014, 0, 0, 3, 417756),
(2908, '8.43214-з', 0, 238, 2014, 0, 0, 3, 435785),
(2909, '8.43114', 0, 239, 2014, 0, 0, 3, 417752),
(2910, '8.43114-з', 0, 240, 2014, 0, 0, 3, 435776),
(2911, '8.42414', 0, 241, 2014, 0, 0, 3, 325005),
(2912, '8.42324', 0, 243, 2014, 0, 0, 3, 325003),
(2913, '8.42314', 0, 245, 2014, 0, 0, 3, 325006),
(2914, '8.42114', 0, 247, 2014, 0, 0, 3, 417743),
(2915, '8.42114-з', 0, 248, 2014, 0, 0, 3, 435780),
(2916, '8.41614-1', 0, 249, 2014, 0, 0, 3, 404638),
(2917, ' 8.41614-1з', 0, 250, 2014, 0, 0, 3, 419961),
(2918, '8.41294-1', 0, 251, 2014, 0, 0, 3, 404551),
(2919, '8.41213-1з', 0, 252, 2014, 0, 0, 3, 419927),
(2920, '8.41214-1', 0, 253, 2014, 0, 0, 3, 404539),
(2921, '8.41114-1', 0, 254, 2014, 0, 0, 3, 404528),
(2922, '8.41114-1з', 0, 255, 2014, 0, 0, 3, 419955),
(2923, '8.36174', 0, 256, 2014, 0, 0, 3, 328379),
(2924, '8.3613-7', 0, 256, 2013, 0, 0, 3, 325207),
(2925, '8.36174-з', 0, 257, 2014, 0, 0, 3, 328859),
(2926, '8.3613-7-6', 0, 257, 2013, 0, 0, 3, 320980),
(2927, '8.36144-з', 0, 258, 2014, 0, 0, 3, 328855),
(2928, '8.3613-4-6', 0, 258, 2013, 0, 0, 3, 320970),
(2929, '8.36144', 0, 259, 2014, 0, 0, 3, 328392),
(2930, '8.3613-4', 0, 259, 2013, 0, 0, 3, 325223),
(2931, '8.36114-з', 0, 260, 2014, 0, 0, 3, 328824),
(2932, '8.3613-1-6', 0, 260, 2013, 0, 0, 3, 320955),
(2933, '8.36114', 0, 261, 2014, 0, 0, 3, 328372),
(2934, '8.3613-1', 0, 261, 2013, 0, 0, 3, 325220),
(2935, '8.35914', 0, 262, 2014, 0, 0, 3, 427433),
(2936, '8.35914-з', 0, 263, 2014, 0, 0, 3, 429205),
(2937, '8.35814-з', 0, 264, 2014, 0, 0, 3, 429167),
(2938, '8.35814', 0, 265, 2014, 0, 0, 3, 427438),
(2939, '8.35314', 0, 266, 2014, 0, 0, 3, 427424),
(2940, '8.35313', 0, 266, 2013, 0, 0, 3, 383881),
(2941, '8.35214', 0, 268, 2014, 0, 0, 3, 427369),
(2942, '8.34114-2', 0, 269, 2014, 0, 0, 3, 325291),
(2943, '8.34114-1', 0, 269, 2014, 0, 0, 3, 325290),
(2944, '8.34114-з', 0, 270, 2014, 0, 0, 3, 410083),
(2945, '8.33224', 0, 271, 2014, 0, 0, 3, 412144),
(2946, '8.3324-з', 0, 272, 2014, 0, 0, 3, 421158),
(2947, '8.33213-з', 0, 274, 2013, 0, 0, 3, 325494),
(2948, '8.33114', 0, 275, 2014, 0, 0, 3, 412134),
(2949, '8.3314-з', 0, 276, 2014, 0, 0, 3, 421162),
(2950, '8.32514', 0, 277, 2014, 0, 0, 3, 415214),
(2951, '8.32513-1', 0, 277, 2013, 0, 0, 3, 400388),
(2952, '8.31414', 0, 278, 2014, 0, 0, 3, 303791),
(2953, '8.31413-з', 0, 279, 2013, 0, 0, 3, 303776),
(2954, '8.31214-з', 0, 280, 2014, 0, 0, 3, 430110),
(2955, '8.31214', 0, 281, 2014, 0, 0, 3, 325273),
(2956, '8.31114-з', 0, 282, 2014, 0, 0, 3, 303767),
(2957, '8.31113-з', 0, 282, 2013, 0, 0, 3, 303768),
(2958, '8.31114', 0, 283, 2014, 0, 0, 3, 303801),
(2959, '8.31113', 0, 283, 2013, 0, 0, 3, 303800),
(2960, '8.23314-з/у', 0, 284, 2014, 0, 0, 3, 432478),
(2961, '8.23314-у', 0, 285, 2014, 0, 0, 3, 325326),
(2962, '8.23234', 0, 286, 2014, 0, 0, 3, 325134),
(2963, '8.23234-з', 0, 287, 2014, 0, 0, 3, 416311),
(2964, '8.23214-з', 0, 288, 2014, 0, 0, 3, 416310),
(2965, '8.23214', 0, 289, 2014, 0, 0, 3, 415198),
(2966, '8.12324', 0, 290, 2014, 0, 0, 3, 325149),
(2967, '8.12324-з', 0, 291, 2014, 0, 0, 3, 325164),
(2968, '8.12214-з', 0, 292, 2014, 0, 0, 3, 325173),
(2969, '8.12214', 0, 293, 2014, 0, 0, 3, 325143),
(2970, '8.12114', 0, 294, 2014, 0, 0, 3, 325184),
(2971, '8.12114-з', 0, 295, 2014, 0, 0, 3, 325141),
(2972, '8.11614-з', 0, 296, 2014, 0, 0, 3, 325245),
(2973, '8.11614', 0, 297, 2014, 0, 0, 3, 325264);

-- --------------------------------------------------------

--
-- Структура таблицы `housing`
--

CREATE TABLE IF NOT EXISTS `housing` (
  `housing_id` tinyint(1) NOT NULL AUTO_INCREMENT,
  `name` varchar(100) NOT NULL,
  PRIMARY KEY (`housing_id`)
) ENGINE=InnoDB  DEFAULT CHARSET=utf8 AUTO_INCREMENT=9 ;

--
-- Дамп данных таблицы `housing`
--

INSERT INTO `housing` (`housing_id`, `name`) VALUES
(1, 'I корпус'),
(2, 'II корпус'),
(3, 'III корпус'),
(4, 'IV корпус'),
(5, 'V корпус'),
(6, 'VI корпус'),
(7, 'Спортивний комплекс'),
(8, 'VIII корпус');

-- --------------------------------------------------------

--
-- Структура таблицы `lessons`
--

CREATE TABLE IF NOT EXISTS `lessons` (
  `lesson_id` int(6) NOT NULL AUTO_INCREMENT,
  `id_group` int(5) NOT NULL,
  `id_faculty` int(10) NOT NULL,
  `id_speciality` int(4) NOT NULL,
  `course` int(1) NOT NULL,
  `semester` int(1) NOT NULL,
  `id_okr` tinyint(1) NOT NULL,
  `is_numerator` tinyint(1) NOT NULL,
  `id_discipline` int(5) NOT NULL,
  `id_teacher` int(4) NOT NULL,
  `id_classroom` int(4) NOT NULL,
  `day` int(1) NOT NULL,
  `is_holiday` tinyint(1) NOT NULL,
  `all_group` tinyint(1) NOT NULL,
  `all_speciality` tinyint(1) NOT NULL,
  `lesson_number` int(1) NOT NULL,
  PRIMARY KEY (`lesson_id`),
  KEY `id_group` (`id_group`),
  KEY `id_faculty` (`id_faculty`),
  KEY `id_speciality` (`id_speciality`),
  KEY `id_okr` (`id_okr`),
  KEY `id_discipline` (`id_discipline`),
  KEY `id_teacher` (`id_teacher`),
  KEY `id_classroom` (`id_classroom`),
  KEY `all_group` (`all_group`),
  KEY `all_speciality` (`all_speciality`)
) ENGINE=InnoDB DEFAULT CHARSET=utf8 AUTO_INCREMENT=1 ;

-- --------------------------------------------------------

--
-- Структура таблицы `lessons_type`
--

CREATE TABLE IF NOT EXISTS `lessons_type` (
  `id` tinyint(2) NOT NULL AUTO_INCREMENT,
  `lesson_type_name` varchar(100) NOT NULL,
  PRIMARY KEY (`id`)
) ENGINE=InnoDB  DEFAULT CHARSET=utf8 AUTO_INCREMENT=5 ;

--
-- Дамп данных таблицы `lessons_type`
--

INSERT INTO `lessons_type` (`id`, `lesson_type_name`) VALUES
(1, 'Лекція'),
(2, 'Лабораторна робота'),
(3, 'Практичне заняття'),
(4, 'Семінарське заняття');

-- --------------------------------------------------------

--
-- Структура таблицы `lesson_time`
--

CREATE TABLE IF NOT EXISTS `lesson_time` (
  `lesson_time_id` int(1) NOT NULL AUTO_INCREMENT,
  `lesson_time_name` varchar(20) NOT NULL,
  `begin_time` varchar(5) NOT NULL,
  `end_time` varchar(5) NOT NULL,
  PRIMARY KEY (`lesson_time_id`)
) ENGINE=InnoDB  DEFAULT CHARSET=utf8 AUTO_INCREMENT=9 ;

--
-- Дамп данных таблицы `lesson_time`
--

INSERT INTO `lesson_time` (`lesson_time_id`, `lesson_time_name`, `begin_time`, `end_time`) VALUES
(1, '1 пара', '08:00', '09:20'),
(2, '2 пара', '09:35', '10:55'),
(3, '3 пара', '11:25', '12:45'),
(4, '4 пара', '12:55', '14:15'),
(5, '5 пара', '14:30', '15:50'),
(6, '6 пара', '16:05', '17:25'),
(7, '7 пара', '17:40', '19:00'),
(8, '8 пара', '19:10', '20:30');

-- --------------------------------------------------------

--
-- Структура таблицы `okr`
--

CREATE TABLE IF NOT EXISTS `okr` (
  `okr_id` tinyint(1) NOT NULL AUTO_INCREMENT,
  `okr_name` varchar(100) NOT NULL,
  PRIMARY KEY (`okr_id`)
) ENGINE=InnoDB  DEFAULT CHARSET=utf8 AUTO_INCREMENT=4 ;

--
-- Дамп данных таблицы `okr`
--

INSERT INTO `okr` (`okr_id`, `okr_name`) VALUES
(1, 'Бакалавр'),
(2, 'Спеціаліст'),
(3, 'Магістр\r\n');

-- --------------------------------------------------------

--
-- Структура таблицы `speciality`
--

CREATE TABLE IF NOT EXISTS `speciality` (
  `speciality_id` int(4) NOT NULL AUTO_INCREMENT,
  `speciality_name` varchar(100) NOT NULL,
  `id_edebo` int(10) NOT NULL,
  `id_cathedra` int(3) NOT NULL,
  `id_faculty` int(10) NOT NULL,
  `QualificationName` varchar(255) CHARACTER SET utf8 COLLATE utf8_unicode_ci DEFAULT NULL COMMENT 'ОКР відповідно до ЄДЕБО',
  PRIMARY KEY (`speciality_id`),
  KEY `id_cathedra` (`id_cathedra`),
  KEY `id_faculty` (`id_faculty`)
) ENGINE=InnoDB  DEFAULT CHARSET=utf8 AUTO_INCREMENT=359 ;

--
-- Дамп данных таблицы `speciality`
--

INSERT INTO `speciality` (`speciality_id`, `speciality_name`, `id_edebo`, `id_cathedra`, `id_faculty`, `QualificationName`) VALUES
(1, '6.050103 програмна інженерія  / Денна', 153676, 23, 1, 'Бакалавр (4 р. 00 м.)'),
(2, '6.030601 менеджмент  / Денна', 153663, 5, 5, 'Бакалавр (4 р. 00 м.)'),
(5, '8.03060104 менеджмент зовнішньоекономічної діяльності  / Денна', 193297, 0, 5, 'Магістр (1 р. 06 м.) (Додаткове зарахування)'),
(17, '8.18010014 управління фінансово-економічною безпекою  / Заочна', 185741, 0, 6, 'Магістр (1 р. 06 м.)'),
(20, '8.02030302 мова і література (французька) / Денна', 184651, 0, 7, 'Магістр (1 р. 00 м.)'),
(22, '6.040203 фізика  / Заочна', 168224, 0, 2, 'Бакалавр (5 р. 00 м.)'),
(23, '7.02030304 переклад (переклад (французька)) / Заочна', 162871, 0, 7, 'Спеціаліст (1 р. 00 м.)'),
(24, '7.02030304 переклад (переклад (німецька)) / Заочна', 162870, 0, 7, 'Спеціаліст (1 р. 00 м.)'),
(25, '7.02030304 переклад (переклад (англійська)) / Заочна', 162869, 0, 7, 'Спеціаліст (1 р. 00 м.)'),
(26, '7.02030304 переклад (переклад (англійська)) / Денна', 162868, 0, 7, 'Спеціаліст (1 р. 00 м.)'),
(27, '7.02030304 переклад (переклад (французька)) / Денна', 162867, 0, 7, 'Спеціаліст (1 р. 00 м.)'),
(28, '7.02030304 переклад (переклад (німецька)) / Денна', 162864, 0, 7, 'Спеціаліст (1 р. 00 м.)'),
(29, '7.02030302 мова і література (іспанська мова) / Денна', 162858, 0, 7, 'Спеціаліст (1 р. 00 м.)'),
(30, '7.02030302 мова і література (французька) / Денна', 162853, 0, 7, 'Спеціаліст (1 р. 00 м.)'),
(31, '7.02030302 мова і література (німецька) / Денна', 162852, 0, 7, 'Спеціаліст (1 р. 00 м.)'),
(32, '7.02030302 мова і література (англійська) / Денна', 162851, 0, 7, 'Спеціаліст (1 р. 00 м.)'),
(33, '7.02030302 мова і література (іспанська мова) / Заочна', 162850, 0, 7, 'Спеціаліст (1 р. 00 м.)'),
(34, '7.02030302 мова і література (французька) / Заочна', 162849, 0, 7, 'Спеціаліст (1 р. 00 м.)'),
(35, '7.02030302 мова і література (німецька) / Заочна', 162847, 0, 7, 'Спеціаліст (1 р. 00 м.)'),
(36, '7.02030302 мова і література (англійська) / Заочна', 162846, 0, 7, 'Спеціаліст (1 р. 00 м.)'),
(37, '7.02030302 мова і література (російська) / Денна', 162844, 0, 10, 'Спеціаліст (1 р. 00 м.)'),
(38, '7.02030302 мова і література (російська) / Заочна', 162842, 0, 10, 'Спеціаліст (1 р. 00 м.)'),
(39, '8.02030304 переклад (переклад (французька)) / Денна', 162822, 0, 7, 'Магістр (1 р. 00 м.)'),
(40, '8.02030304 переклад (переклад (німецька)) / Денна', 162820, 0, 7, 'Магістр (1 р. 00 м.)'),
(41, '8.02030304 переклад (переклад (англійська)) / Денна', 162818, 0, 7, 'Магістр (1 р. 00 м.)'),
(42, '8.02030304 переклад (переклад (англійська)) / Заочна', 162814, 0, 7, 'Магістр (1 р. 00 м.)'),
(43, '8.02030302 мова і література (іспанська) / Денна', 162809, 0, 7, 'Магістр (1 р. 00 м.)'),
(45, '8.02030302 мова і література (німецька) / Денна', 162716, 0, 7, 'Магістр (1 р. 00 м.)'),
(46, '8.02030302 мова і література (англійська) / Денна', 162715, 0, 7, 'Магістр (1 р. 00 м.)'),
(47, '8.02030302 мова і література (іспанська) / Заочна', 162714, 0, 7, 'Магістр (1 р. 00 м.)'),
(48, '8.02030302 мова і література (французька) / Заочна', 162712, 0, 7, 'Магістр (1 р. 00 м.)'),
(49, '8.02030302 мова і література (німецька) / Заочна', 162710, 0, 7, 'Магістр (1 р. 00 м.)'),
(50, '8.02030302 мова і література (англійська) / Заочна', 162707, 0, 7, 'Магістр (1 р. 00 м.)'),
(51, '8.02030302 мова і література (російська) / Заочна', 162706, 0, 10, 'Магістр (1 р. 00 м.)'),
(52, '8.02030302 мова і література (російська) / Денна', 162702, 0, 10, 'Магістр (1 р. 00 м.)'),
(54, '6.140103 туризм  / Екстернат', 159900, 0, 9, 'Бакалавр (2 р. 00 м.)'),
(55, '6.040301 прикладна математика  / Екстернат', 159898, 0, 1, 'Бакалавр (2 р. 00 м.)'),
(56, '6.040302 інформатика  / Екстернат', 159895, 0, 1, 'Бакалавр (2 р. 00 м.)'),
(57, '6.040201 математика  / Екстернат', 159892, 0, 1, 'Бакалавр (2 р. 00 м.)'),
(58, '6.040106 екологія, охорона навколишнього середовища та збалансоване природокористування  / Екстернат', 159888, 0, 3, 'Бакалавр (2 р. 00 м.)'),
(59, '6.040102 біологія  / Екстернат', 159881, 0, 3, 'Бакалавр (2 р. 00 м.)'),
(60, '6.040203 фізика (фізика конденсованого стану) / Екстернат', 159868, 0, 2, 'Бакалавр (2 р. 00 м.)'),
(61, '6.040203 фізика  / Екстернат', 159846, 0, 2, 'Бакалавр (2 р. 00 м.)'),
(62, '6.030401 правознавство   / Екстернат', 159840, 0, 12, 'Бакалавр (2 р. 00 м.)'),
(63, '6.030601 менеджмент (логістика) / Екстернат', 159825, 0, 5, 'Бакалавр (2 р. 00 м.)'),
(64, '6.030601 менеджмент (менеджмент зовнішньоекономічної діяльності) / Екстернат', 159821, 0, 5, 'Бакалавр (2 р. 00 м.)'),
(65, '6.030601 менеджмент (менеджмент організацій і адміністрування) / Екстернат', 159815, 0, 5, 'Бакалавр (2 р. 00 м.)'),
(66, '6.030509 облік і аудит  / Екстернат', 159809, 0, 6, 'Бакалавр (2 р. 00 м.)'),
(67, '6.030508 фінанси і кредит  / Екстернат', 159781, 0, 6, 'Бакалавр (2 р. 00 м.)'),
(68, '6.030502 економічна кібернетика  / Екстернат', 159774, 0, 6, 'Бакалавр (2 р. 00 м.)'),
(69, '6.030104 політологія  / Екстернат', 159764, 0, 13, 'Бакалавр (2 р. 00 м.)'),
(70, '6.130102 соціальна робота  / Екстернат', 159755, 0, 13, 'Бакалавр (2 р. 00 м.)'),
(71, '6.030101 соціологія  / Екстернат', 159741, 0, 13, 'Бакалавр (2 р. 00 м.)'),
(72, '6.030102 психологія  / Екстернат', 159739, 0, 8, 'Бакалавр (2 р. 00 м.)'),
(73, '6.020303 філологія (переклад: переклад (французька)) / Екстернат', 159720, 0, 7, 'Бакалавр (2 р. 00 м.)'),
(74, '6.020303 філологія (переклад: переклад (німецька)) / Екстернат', 159716, 0, 7, 'Бакалавр (2 р. 00 м.)'),
(75, '6.020303 філологія (переклад: переклад (англійська)) / Екстернат', 159713, 0, 7, 'Бакалавр (2 р. 00 м.)'),
(76, '6.020303 філологія (мова і література: іспанська) / Екстернат', 159695, 0, 7, 'Бакалавр (2 р. 00 м.)'),
(77, '6.020303 філологія (мова і література: французька) / Екстернат', 159686, 0, 7, 'Бакалавр (2 р. 00 м.)'),
(78, '6.020303 філологія (мова і література: німецька) / Екстернат', 159681, 0, 7, 'Бакалавр (2 р. 00 м.)'),
(79, '6.020303 філологія (мова і література: англійська) / Екстернат', 159679, 0, 7, 'Бакалавр (2 р. 00 м.)'),
(80, '6.020303 філологія (мова і література: російська) / Екстернат', 159392, 0, 10, 'Бакалавр (2 р. 00 м.)'),
(81, '6.020303 філологія (українська мова і література) / Екстернат', 159387, 0, 10, 'Бакалавр (2 р. 00 м.)'),
(82, '6.020302 історія (архівознавство) / Екстернат', 159386, 0, 4, 'Бакалавр (2 р. 00 м.)'),
(83, '6.020302 історія  / Екстернат', 159382, 0, 4, 'Бакалавр (2 р. 00 м.)'),
(84, '6.030303 видавнича справа та редагування  / Екстернат', 159377, 0, 11, 'Бакалавр (2 р. 00 м.)'),
(85, '6.030301 журналістика  / Екстернат', 159363, 0, 11, 'Бакалавр (2 р. 00 м.)'),
(86, '6.010202 спорт  / Екстернат', 159358, 0, 9, 'Бакалавр (2 р. 00 м.)'),
(87, '6.010203 здоров’я людини  / Екстернат', 159296, 0, 9, 'Бакалавр (2 р. 00 м.)'),
(88, '6.010201 фізичне виховання  / Екстернат', 159290, 0, 9, 'Бакалавр (2 р. 00 м.)'),
(89, '6.010106 соціальна педагогіка  / Екстернат', 159289, 0, 8, 'Бакалавр (2 р. 00 м.)'),
(111, '6.020303 філологія (переклад: переклад (англійська)) / Заочна', 154190, 0, 7, 'Бакалавр (5 р. 00 м.)'),
(112, '6.020303 філологія (мова і література: англійська) / Заочна', 154186, 0, 7, 'Бакалавр (5 р. 00 м.)'),
(113, '6.020303 філологія (українська мова і література) / Заочна', 154178, 0, 10, 'Бакалавр (5 р. 00 м.)'),
(114, '6.020303 філологія (переклад: українська, російська, польська мови) / Денна', 154108, 0, 10, 'Бакалавр (4 р. 00 м.)'),
(115, '6.020303 філологія (переклад: українська, російська, болгарська мови) / Денна', 153976, 0, 10, 'Бакалавр (4 р. 00 м.)'),
(116, '6.020303 філологія (переклад: переклад (французька)) / Денна', 153957, 0, 7, 'Бакалавр (4 р. 00 м.)'),
(117, '6.020303 філологія (переклад: переклад (німецька)) / Денна', 153956, 0, 7, 'Бакалавр (4 р. 00 м.)'),
(118, '6.020303 філологія (переклад: переклад (англійська)) / Денна', 153952, 0, 7, 'Бакалавр (4 р. 00 м.)'),
(119, '6.020303 філологія (мова і література: іспанська) / Денна', 153928, 0, 7, 'Бакалавр (4 р. 00 м.)'),
(120, '6.020303 філологія (мова і література: французька) / Денна', 153922, 0, 7, 'Бакалавр (4 р. 00 м.)'),
(121, '6.020303 філологія (мова і література: німецька) / Денна', 153908, 0, 7, 'Бакалавр (4 р. 00 м.)'),
(122, '6.020303 філологія (мова і література: англійська) / Денна', 153901, 0, 7, 'Бакалавр (4 р. 00 м.)'),
(123, '6.020303 філологія (мова і література: російська) / Денна', 153877, 0, 10, 'Бакалавр (4 р. 00 м.)'),
(124, '6.020303 філологія (українська мова і література) / Денна', 153871, 0, 10, 'Бакалавр (4 р. 00 м.)'),
(125, '6.140103 туризм  / Заочна', 153682, 0, 9, 'Бакалавр (5 р. 00 м.)'),
(126, '6.140103 туризм  / Денна', 153681, 0, 9, 'Бакалавр (4 р. 00 м.)'),
(127, '6.130102 соціальна робота  / Заочна', 153680, 0, 13, 'Бакалавр (5 р. 00 м.)'),
(128, '6.130102 соціальна робота  / Денна', 153679, 0, 13, 'Бакалавр (4 р. 00 м.)'),
(129, '6.090103 лісове і садово-паркове господарство  / Заочна', 153678, 0, 3, 'Бакалавр (5 р. 00 м.)'),
(130, '6.090103 лісове і садово-паркове господарство  / Денна', 153677, 0, 3, 'Бакалавр (4 р. 00 м.)'),
(131, '6.040302 інформатика  / Заочна', 153675, 0, 1, 'Бакалавр (5 р. 00 м.)'),
(132, '6.040302 інформатика  / Денна', 153674, 0, 1, 'Бакалавр (4 р. 00 м.)'),
(133, '6.040301 прикладна математика  / Денна', 153673, 0, 1, 'Бакалавр (4 р. 00 м.)'),
(134, '6.040204 прикладна фізика  / Денна', 153672, 0, 2, 'Бакалавр (4 р. 00 м.)'),
(135, '6.040203 фізика  / Денна', 153671, 0, 2, 'Бакалавр (4 р. 00 м.)'),
(136, '6.040201 математика  / Заочна', 153670, 0, 1, 'Бакалавр (5 р. 00 м.)'),
(137, '6.040201 математика  / Денна', 153669, 0, 1, 'Бакалавр (4 р. 00 м.)'),
(138, '6.040106 екологія, охорона навколишнього середовища та збалансоване природокористування  / Денна', 153668, 0, 3, 'Бакалавр (4 р. 00 м.)'),
(139, '6.040102 біологія  / Заочна', 153667, 0, 3, 'Бакалавр (5 р. 00 м.)'),
(140, '6.040102 біологія  / Денна', 153666, 0, 3, 'Бакалавр (4 р. 00 м.)'),
(141, '6.040101 хімія  / Денна', 153665, 0, 3, 'Бакалавр (4 р. 00 м.)'),
(142, '6.030601 менеджмент  / Заочна', 153664, 0, 5, 'Бакалавр (5 р. 00 м.)'),
(143, '6.030509 облік і аудит  / Заочна', 153662, 0, 6, 'Бакалавр (5 р. 00 м.)'),
(144, '6.030509 облік і аудит  / Денна', 153661, 0, 6, 'Бакалавр (4 р. 00 м.)'),
(145, '6.030508 фінанси і кредит  / Заочна', 153660, 0, 6, 'Бакалавр (5 р. 00 м.)'),
(146, '6.030508 фінанси і кредит  / Денна', 153659, 0, 6, 'Бакалавр (4 р. 00 м.)'),
(147, '6.030507 маркетинг  / Денна', 153658, 0, 6, 'Бакалавр (4 р. 00 м.)'),
(148, '6.030505 управління персоналом та економіка праці  / Денна', 153657, 0, 6, 'Бакалавр (4 р. 00 м.)'),
(149, '6.030503 міжнародна економіка  / Денна', 153656, 0, 6, 'Бакалавр (4 р. 00 м.)'),
(150, '6.030502 економічна кібернетика  / Денна', 153654, 0, 6, 'Бакалавр (4 р. 00 м.)'),
(151, '6.030401 правознавство   / Заочна', 153653, 0, 12, 'Бакалавр (5 р. 00 м.)'),
(152, '6.030401 правознавство   / Денна', 153652, 0, 12, 'Бакалавр (4 р. 00 м.)'),
(153, '6.030303 видавнича справа та редагування  / Заочна', 153651, 0, 11, 'Бакалавр (5 р. 00 м.)'),
(154, '6.030303 видавнича справа та редагування  / Денна', 153650, 0, 11, 'Бакалавр (4 р. 00 м.)'),
(155, '6.030302 реклама і зв’язки з громадськістю  / Заочна', 153649, 0, 11, 'Бакалавр (5 р. 00 м.)'),
(156, '6.030302 реклама і зв’язки з громадськістю  / Денна', 153648, 0, 11, 'Бакалавр (4 р. 00 м.)'),
(157, '6.030301 журналістика  / Заочна', 153647, 0, 11, 'Бакалавр (5 р. 00 м.)'),
(158, '6.030301 журналістика  / Денна', 153646, 0, 11, 'Бакалавр (4 р. 00 м.)'),
(159, '6.030205 країнознавство  / Денна', 153645, 0, 4, 'Бакалавр (4 р. 00 м.)'),
(160, '6.030104 політологія  / Денна', 153644, 0, 13, 'Бакалавр (4 р. 00 м.)'),
(161, '6.030102 психологія  / Заочна', 153643, 0, 8, 'Бакалавр (5 р. 00 м.)'),
(162, '6.030102 психологія  / Денна', 153642, 0, 8, 'Бакалавр (4 р. 00 м.)'),
(163, '6.030101 соціологія  / Заочна', 153641, 0, 13, 'Бакалавр (5 р. 00 м.)'),
(164, '6.030101 соціологія  / Денна', 153640, 0, 13, 'Бакалавр (4 р. 00 м.)'),
(165, '6.020302 історія  / Заочна', 153637, 0, 4, 'Бакалавр (5 р. 00 м.)'),
(166, '6.020302 історія  / Денна', 153636, 0, 4, 'Бакалавр (4 р. 00 м.)'),
(167, '6.020301 філософія  / Денна', 153635, 0, 13, 'Бакалавр (4 р. 00 м.)'),
(168, '6.020201 театральне мистецтво  / Денна', 153634, 0, 8, 'Бакалавр (4 р. 00 м.)'),
(169, '6.010203 здоров’я людини  / Заочна', 153633, 0, 9, 'Бакалавр (5 р. 00 м.)'),
(170, '6.010203 здоров’я людини  / Денна', 153632, 0, 9, 'Бакалавр (4 р. 00 м.)'),
(171, '6.010202 спорт  / Заочна', 153631, 0, 9, 'Бакалавр (5 р. 00 м.)'),
(172, '6.010202 спорт  / Денна', 153630, 0, 9, 'Бакалавр (4 р. 00 м.)'),
(173, '6.010201 фізичне виховання  / Заочна', 153629, 0, 9, 'Бакалавр (5 р. 00 м.)'),
(174, '6.010201 фізичне виховання  / Денна', 153628, 0, 9, 'Бакалавр (4 р. 00 м.)'),
(175, '6.010106 соціальна педагогіка  / Заочна', 153627, 0, 8, 'Бакалавр (5 р. 00 м.)'),
(176, '6.010106 соціальна педагогіка  / Денна', 153626, 0, 8, 'Бакалавр (4 р. 00 м.)'),
(222, '8.09010302 мисливське господарство  / Денна', 140774, 0, 3, 'Магістр (1 р. 06 м.)'),
(223, '8.18010017 економіка довкілля і природних ресурсів  / Денна', 140773, 0, 6, 'Магістр (1 р. 06 м.)'),
(224, '8.18010021 педагогіка вищої школи  / Денна', 140732, 0, 8, 'Магістр (1 р. 00 м.)'),
(225, '8.18010021 педагогіка вищої школи  / Заочна', 140731, 0, 8, 'Магістр (1 р. 00 м.)'),
(226, '8.18010019 медіа-комунікації  / Денна', 140730, 0, 11, 'Магістр (2 р. 00 м.)'),
(227, '8.18010019 медіа-комунікації  / Заочна', 140729, 0, 11, 'Магістр (2 р. 00 м.)'),
(228, '8.18010016 бізнес-адміністрування  / Денна', 140728, 0, 5, 'Магістр (1 р. 06 м.)'),
(229, '8.18010014 управління фінансово-економічною безпекою  / Денна', 140727, 0, 6, 'Магістр (1 р. 06 м.)'),
(230, '8.18010013 управління проектами  / Денна', 140726, 0, 6, 'Магістр (1 р. 06 м.)'),
(231, '8.15010002 державна служба  / Денна', 140725, 0, 13, 'Магістр (1 р. 00 м.) (д.в)'),
(232, '8.15010002 державна служба  / Заочна', 140724, 0, 13, 'Магістр (2 р. 00 м.) (д.в)'),
(233, '8.14010301 туризмознавство  / Денна', 140723, 0, 9, 'Магістр (1 р. 06 м.)'),
(234, '8.13010201 соціальна робота  / Денна', 140722, 0, 13, 'Магістр (1 р. 00 м.)'),
(235, '8.13010201 соціальна робота  / Заочна', 140721, 0, 13, 'Магістр (1 р. 00 м.)'),
(236, '8.05010302 інженерія програмного забезпечення  / Денна', 140720, 0, 1, 'Магістр (1 р. 06 м.)'),
(237, '8.04030201 інформатика  / Денна', 140719, 0, 1, 'Магістр (1 р. 00 м.)'),
(238, '8.04030201 інформатика  / Заочна', 140718, 0, 1, 'Магістр (1 р. 00 м.)'),
(239, '8.04030101 прикладна математика  / Денна', 140717, 0, 1, 'Магістр (1 р. 00 м.)'),
(240, '8.04030101 прикладна математика  / Заочна', 140716, 0, 1, 'Магістр (1 р. 00 м.)'),
(241, '8.04020401 прикладна фізика  / Денна', 140715, 0, 2, 'Магістр (1 р. 00 м.)'),
(242, '8.04020401 прикладна фізика  / Заочна', 140714, 0, 2, 'Магістр (1 р. 00 м.)'),
(243, '8.04020302 фізика конденсованого стану  / Денна', 140713, 0, 2, 'Магістр (1 р. 00 м.)'),
(244, '8.04020302 фізика конденсованого стану  / Заочна', 140712, 0, 2, 'Магістр (1 р. 00 м.)'),
(245, '8.04020301 фізика  / Денна', 140711, 0, 2, 'Магістр (1 р. 00 м.)'),
(246, '8.04020301 фізика  / Заочна', 140710, 0, 2, 'Магістр (1 р. 00 м.)'),
(247, '8.04020101 математика  / Денна', 140709, 0, 1, 'Магістр (1 р. 00 м.)'),
(248, '8.04020101 математика  / Заочна', 140708, 0, 1, 'Магістр (1 р. 00 м.)'),
(249, '8.04010601 екологія та охорона навколишнього середовища  / Денна', 140707, 0, 3, 'Магістр (1 р. 00 м.)'),
(250, '8.04010601 екологія та охорона навколишнього середовища  / Заочна', 140706, 0, 3, 'Магістр (1 р. 00 м.)'),
(251, '8.04010209 генетика  / Денна', 140705, 0, 3, 'Магістр (1 р. 00 м.)'),
(252, '8.04010201 біологія  / Заочна', 140704, 0, 3, 'Магістр (1 р. 00 м.)'),
(253, '8.04010201 біологія  / Денна', 140703, 0, 3, 'Магістр (1 р. 00 м.)'),
(254, '8.04010101 хімія  / Денна', 140702, 0, 3, 'Магістр (1 р. 00 м.)'),
(255, '8.04010101 хімія  / Заочна', 140701, 0, 3, 'Магістр (1 р. 00 м.)'),
(256, '8.03060107 логістика  / Денна', 140700, 0, 5, 'Магістр (1 р. 06 м.)'),
(257, '8.03060107 логістика  / Заочна', 140699, 0, 5, 'Магістр (1 р. 06 м.)'),
(258, '8.03060104 менеджмент зовнішньоекономічної діяльності  / Заочна', 140698, 0, 5, 'Магістр (1 р. 06 м.)'),
(259, '8.03060104 менеджмент зовнішньоекономічної діяльності  / Денна', 140697, 0, 5, 'Магістр (1 р. 06 м.)'),
(260, '8.03060101 менеджмент організацій і адміністрування  / Заочна', 140696, 0, 5, 'Магістр (1 р. 06 м.)'),
(261, '8.03060101 менеджмент організацій і адміністрування  / Денна', 140695, 0, 5, 'Магістр (1 р. 06 м.)'),
(262, '8.03050901 облік і аудит  / Денна', 140694, 0, 6, 'Магістр (1 р. 06 м.)'),
(263, '8.03050901 облік і аудит  / Заочна', 140693, 0, 6, 'Магістр (1 р. 06 м.)'),
(264, '8.03050801 фінанси і кредит  / Заочна', 140692, 0, 6, 'Магістр (1 р. 06 м.)'),
(265, '8.03050801 фінанси і кредит  / Денна', 140691, 0, 6, 'Магістр (1 р. 06 м.)'),
(266, '8.03050301 міжнародна економіка  / Денна', 140690, 0, 6, 'Магістр (1 р. 06 м.)'),
(267, '8.03050201 економічна кібернетика  / Заочна', 140689, 0, 6, 'Магістр (1 р. 06 м.)'),
(268, '8.03050201 економічна кібернетика  / Денна', 140688, 0, 6, 'Магістр (1 р. 06 м.)'),
(269, '8.03040101 правознавство  / Денна', 140687, 0, 12, 'Магістр (1 р. 00 м.)'),
(270, '8.03040101 правознавство  / Заочна', 140686, 0, 12, 'Магістр (1 р. 00 м.)'),
(271, '8.03030202 зв’язки з громадськістю   / Денна', 140685, 0, 11, 'Магістр (1 р. 06 м.)'),
(272, '8.03030202 зв’язки з громадськістю   / Заочна', 140684, 0, 11, 'Магістр (2 р. 00 м.)'),
(273, '8.03030201 реклама   / Денна', 140683, 0, 11, 'Магістр (1 р. 06 м.)'),
(274, '8.03030201 реклама   / Заочна', 140682, 0, 11, 'Магістр (2 р. 00 м.)'),
(275, '8.03030101 журналістика  / Денна', 140681, 0, 11, 'Магістр (1 р. 06 м.)'),
(276, '8.03030101 журналістика  / Заочна', 140680, 0, 11, 'Магістр (1 р. 06 м.)'),
(277, '8.03020501 країнознавство  / Денна', 140679, 0, 4, 'Магістр (1 р. 06 м.)'),
(278, '8.03010401 політологія  / Денна', 140678, 0, 13, 'Магістр (1 р. 00 м.)'),
(279, '8.03010401 політологія  / Заочна', 140677, 0, 13, 'Магістр (1 р. 06 м.)'),
(280, '8.03010201 психологія  / Заочна', 140676, 0, 8, 'Магістр (1 р. 00 м.)'),
(281, '8.03010201 психологія  / Денна', 140675, 0, 8, 'Магістр (1 р. 00 м.)'),
(282, '8.03010101 соціологія  / Заочна', 140674, 0, 13, 'Магістр (1 р. 06 м.)'),
(283, '8.03010101 соціологія  / Денна', 140673, 0, 13, 'Магістр (1 р. 06 м.)'),
(284, '8.02030301 українська мова і література  / Заочна', 140666, 0, 10, 'Магістр (1 р. 00 м.)'),
(285, '8.02030301 українська мова і література  / Денна', 140665, 0, 10, 'Магістр (1 р. 00 м.)'),
(286, '8.02030203 архівознавство  / Денна', 140664, 0, 4, 'Магістр (1 р. 00 м.)'),
(287, '8.02030203 архівознавство  / Заочна', 140663, 0, 4, 'Магістр (1 р. 00 м.)'),
(288, '8.02030201 історія  / Заочна', 140662, 0, 4, 'Магістр (1 р. 00 м.)'),
(289, '8.02030201 історія  / Денна', 140661, 0, 4, 'Магістр (1 р. 00 м.)'),
(290, '8.01020302 фізична реабілітація  / Денна', 140660, 0, 9, 'Магістр (1 р. 00 м.)'),
(291, '8.01020302 фізична реабілітація  / Заочна', 140659, 0, 9, 'Магістр (1 р. 00 м.)'),
(292, '8.01020201 спорт  / Заочна', 140658, 0, 9, 'Магістр (1 р. 00 м.)'),
(293, '8.01020201 спорт  / Денна', 140657, 0, 9, 'Магістр (1 р. 00 м.)'),
(294, '8.01020101 фізичне виховання  / Денна', 140656, 0, 9, 'Магістр (1 р. 00 м.)'),
(295, '8.01020101 фізичне виховання  / Заочна', 140655, 0, 9, 'Магістр (1 р. 00 м.)'),
(296, '8.01010601 соціальна педагогіка  / Заочна', 140654, 0, 8, 'Магістр (1 р. 00 м.)'),
(297, '8.01010601 соціальна педагогіка  / Денна', 140653, 0, 8, 'Магістр (1 р. 00 м.)'),
(298, '7.01010601 соціальна педагогіка  / Денна', 140651, 0, 8, 'Спеціаліст (1 р. 00 м.)'),
(299, '7.01010601 соціальна педагогіка  / Заочна', 140650, 0, 8, 'Спеціаліст (1 р. 00 м.)'),
(300, '7.01020101 фізичне виховання  / Заочна', 140649, 0, 9, 'Спеціаліст (1 р. 00 м.)'),
(301, '7.01020101 фізичне виховання  / Денна', 140648, 0, 9, 'Спеціаліст (1 р. 00 м.)'),
(302, '7.01020201 спорт  / Денна', 140647, 0, 9, 'Спеціаліст (1 р. 00 м.)'),
(303, '7.01020201 спорт  / Заочна', 140646, 0, 9, 'Спеціаліст (1 р. 00 м.)'),
(304, '7.01020302 фізична реабілітація  / Заочна', 140645, 0, 9, 'Спеціаліст (1 р. 00 м.)'),
(305, '7.01020302 фізична реабілітація  / Денна', 140644, 0, 9, 'Спеціаліст (1 р. 00 м.)'),
(306, '7.02020101 театральне мистецтво  / Денна', 140643, 0, 8, 'Спеціаліст (1 р. 00 м.)'),
(307, '7.02030201 історія  / Денна', 140642, 0, 4, 'Спеціаліст (1 р. 00 м.)'),
(308, '7.02030201 історія  / Заочна', 140641, 0, 4, 'Спеціаліст (1 р. 00 м.)'),
(309, '7.02030203 архівознавство  / Заочна', 140640, 0, 4, 'Спеціаліст (1 р. 00 м.)'),
(310, '7.02030203 архівознавство  / Денна', 140639, 0, 4, 'Спеціаліст (1 р. 00 м.)'),
(311, '7.02030301 українська мова і література  / Денна', 140638, 0, 10, 'Спеціаліст (1 р. 00 м.)'),
(312, '7.02030301 українська мова і література  / Заочна', 140637, 0, 10, 'Спеціаліст (1 р. 00 м.)'),
(313, '7.03010101 соціологія  / Денна', 140630, 0, 13, 'Спеціаліст (1 р. 00 м.)'),
(314, '7.03010101 соціологія  / Заочна', 140629, 0, 13, 'Спеціаліст (1 р. 00 м.)'),
(315, '7.03010201 психологія  / Денна', 140628, 0, 8, 'Спеціаліст (1 р. 00 м.)'),
(316, '7.03010201 психологія  / Заочна', 140627, 0, 8, 'Спеціаліст (1 р. 00 м.)'),
(317, '7.03010401 політологія  / Денна', 140626, 0, 13, 'Спеціаліст (1 р. 00 м.)'),
(318, '7.03020501 країнознавство  / Денна', 140625, 0, 4, 'Спеціаліст (1 р. 00 м.)'),
(319, '7.03030101 журналістика  / Заочна', 140624, 0, 11, 'Спеціаліст (1 р. 00 м.)'),
(320, '7.03030101 журналістика  / Денна', 140623, 0, 11, 'Спеціаліст (1 р. 00 м.)'),
(321, '7.03030201 реклама   / Денна', 140622, 0, 11, 'Спеціаліст (1 р. 00 м.)'),
(322, '7.03030201 реклама   / Заочна', 140621, 0, 11, 'Спеціаліст (1 р. 00 м.)'),
(323, '7.03030202 зв’язки з громадськістю   / Заочна', 140620, 0, 11, 'Спеціаліст (1 р. 00 м.)'),
(324, '7.03030202 зв’язки з громадськістю   / Денна', 140619, 0, 11, 'Спеціаліст (1 р. 00 м.)'),
(325, '7.03030301 видавнича справа та редагування  / Денна', 140618, 0, 11, 'Спеціаліст (1 р. 00 м.)'),
(326, '7.03040101 правознавство  / Денна', 140617, 0, 12, 'Спеціаліст (1 р. 00 м.)'),
(327, '7.03040101 правознавство  / Заочна', 140616, 0, 12, 'Спеціаліст (1 р. 00 м.)'),
(328, '7.03050201 економічна кібернетика  / Денна', 140615, 0, 6, 'Спеціаліст (1 р. 00 м.)'),
(329, '7.03050201 економічна кібернетика  / Заочна', 140614, 0, 6, 'Спеціаліст (1 р. 00 м.)'),
(330, '7.03050301 міжнародна економіка  / Денна', 140613, 0, 6, 'Спеціаліст (1 р. 00 м.)'),
(331, '7.03050801 фінанси і кредит  / Денна', 140612, 0, 6, 'Спеціаліст (1 р. 00 м.)'),
(332, '7.03050801 фінанси і кредит  / Заочна', 140611, 0, 6, 'Спеціаліст (1 р. 00 м.)'),
(333, '7.03050901 облік і аудит  / Заочна', 140610, 0, 6, 'Спеціаліст (1 р. 00 м.)'),
(334, '7.03050901 облік і аудит  / Денна', 140609, 0, 6, 'Спеціаліст (1 р. 00 м.)'),
(335, '7.03060101 менеджмент організацій і адміністрування  / Денна', 140608, 0, 5, 'Спеціаліст (1 р. 00 м.)'),
(336, '7.03060101 менеджмент організацій і адміністрування  / Заочна', 140607, 0, 5, 'Спеціаліст (1 р. 00 м.)'),
(337, '7.03060104 менеджмент зовнішньоекономічної діяльності  / Денна', 140606, 0, 5, 'Спеціаліст (1 р. 00 м.)'),
(338, '7.03060104 менеджмент зовнішньоекономічної діяльності  / Заочна', 140605, 0, 5, 'Спеціаліст (1 р. 00 м.)'),
(339, '7.04010101 хімія  / Денна', 140604, 0, 3, 'Спеціаліст (1 р. 00 м.)'),
(340, '7.04010201 біологія  / Денна', 140603, 0, 3, 'Спеціаліст (1 р. 00 м.)'),
(341, '7.04010201 біологія  / Заочна', 140602, 0, 3, 'Спеціаліст (1 р. 00 м.)'),
(342, '7.04010601 екологія та охорона навколишнього середовища  / Денна', 140601, 0, 3, 'Спеціаліст (1 р. 00 м.)'),
(343, '7.04020101 математика  / Денна', 140600, 0, 1, 'Спеціаліст (1 р. 00 м.)'),
(344, '7.04020101 математика  / Заочна', 140599, 0, 1, 'Спеціаліст (1 р. 00 м.)'),
(345, '7.04020301 фізика  / Денна', 140598, 0, 2, 'Спеціаліст (1 р. 00 м.)'),
(346, '7.04020301 фізика  / Заочна', 140597, 0, 2, 'Спеціаліст (1 р. 00 м.)'),
(347, '7.04020302 фізика конденсованого стану  / Денна', 140596, 0, 2, 'Спеціаліст (1 р. 00 м.)'),
(348, '7.04020302 фізика конденсованого стану  / Заочна', 140595, 0, 2, 'Спеціаліст (1 р. 00 м.)'),
(349, '7.04020401 прикладна фізика  / Денна', 140594, 0, 2, 'Спеціаліст (1 р. 00 м.)'),
(350, '7.04030101 прикладна математика  / Денна', 140593, 0, 1, 'Спеціаліст (1 р. 00 м.)'),
(351, '7.04030101 прикладна математика  / Заочна', 140592, 0, 1, 'Спеціаліст (1 р. 00 м.)'),
(352, '7.04030201 інформатика  / Денна', 140591, 0, 1, 'Спеціаліст (1 р. 00 м.)'),
(353, '7.04030201 інформатика  / Заочна', 140590, 0, 1, 'Спеціаліст (1 р. 00 м.)'),
(354, '7.05010302 інженерія програмного забезпечення  / Денна', 140589, 0, 1, 'Спеціаліст (1 р. 00 м.)'),
(355, '7.13010201 соціальна робота  / Денна', 140588, 0, 13, 'Спеціаліст (1 р. 00 м.)'),
(356, '7.13010201 соціальна робота  / Заочна', 140587, 0, 13, 'Спеціаліст (1 р. 00 м.)'),
(357, '7.14010301 туризмознавство  / Денна', 140586, 0, 9, 'Спеціаліст (1 р. 00 м.)'),
(358, '7.14010301 туризмознавство  / Заочна', 140585, 0, 9, 'Спеціаліст (1 р. 00 м.)');

-- --------------------------------------------------------

--
-- Структура таблицы `spec_classes`
--

CREATE TABLE IF NOT EXISTS `spec_classes` (
  `spec_class_id` tinyint(2) NOT NULL AUTO_INCREMENT,
  `spec_class_name` varchar(200) NOT NULL,
  PRIMARY KEY (`spec_class_id`)
) ENGINE=InnoDB  DEFAULT CHARSET=utf8 AUTO_INCREMENT=52 ;

--
-- Дамп данных таблицы `spec_classes`
--

INSERT INTO `spec_classes` (`spec_class_id`, `spec_class_name`) VALUES
(1, 'Лекційна'),
(2, 'Комп''ютерна аудиторія'),
(3, 'Мультимедійна лабораторія'),
(4, 'лабораторія кафедри фізики металів'),
(5, 'лабораторія кафедри фізики напівпровідників\r\n'),
(6, 'лабораторія кафедри прикладної фізики'),
(7, 'музей'),
(8, 'лабораторія ГІС'),
(9, 'лабораторія кафедри фізики та методики її викладання'),
(10, 'бібліотека'),
(11, 'лінгафонний клас'),
(12, 'коледж'),
(13, 'лабораторія журналістики'),
(14, 'спец клас'),
(15, 'кабінет англійської філології'),
(16, 'клас німецької філології'),
(17, 'лабораторія кафедри романської філології'),
(18, 'лабораторія кафедри зарубіжної літератури'),
(19, 'світлиця'),
(20, 'клас польської мови'),
(21, 'лабораторія кафедри імунології та біохімії'),
(22, 'лабораторія кафедри мисливствознавства та іхтіології'),
(23, 'наукова лабораторія організм енної та клітинної технології'),
(24, 'лабораторія гістохімії'),
(25, 'лабораторія кафедри загальної та прикладної екології'),
(26, 'лабораторія кафедри лікарських рослин'),
(27, 'лабораторія кафедри СПГ та генетики рослин'),
(28, 'лабораторія кафедри зоології'),
(29, 'лабораторія кафедри хімії'),
(30, 'лабораторія кафедри фізіології з курсом ЦЗ'),
(31, 'аудиторія бізнес-центру'),
(32, 'лабораторія кафедри фізичної реабілітації'),
(33, 'аудиторія охорони праці'),
(34, 'кафедра МБОФК '),
(35, 'лабораторія кафедри МБОФК'),
(36, 'аудиторія кафедри МБОФК'),
(37, 'аудиторія кафедри спортивних ігор'),
(38, 'аудиторія кафедри фізичної реабілітації'),
(39, 'аудиторія кафедри олімпійського та професійного спорту'),
(40, 'лабораторія ТМФКТ'),
(41, 'лабораторія кафедри кримінального права та правосуддя'),
(42, 'зал суд засідань кафедри кримінального права та правосуддя'),
(43, 'лабораторія кафедри кримінального права та правосуддя'),
(44, 'кабінет юридичного факультету'),
(45, 'лабораторія історичного факультету'),
(46, 'бібліотека історичного факультету'),
(47, 'спец аудиторія'),
(48, 'аудиторія акторської майстерності'),
(49, 'актовий зал'),
(50, 'танцювальний зал'),
(51, 'кабінет Петрик Т.Д.');

-- --------------------------------------------------------

--
-- Структура таблицы `teachers`
--

CREATE TABLE IF NOT EXISTS `teachers` (
  `teacher_id` int(4) NOT NULL AUTO_INCREMENT,
  `teacher_name` varchar(150) NOT NULL,
  `id_position` int(2) NOT NULL COMMENT 'Посада',
  `id_academic_status` int(2) NOT NULL COMMENT 'Вчене звання',
  `id_cathedra` int(3) NOT NULL,
  PRIMARY KEY (`teacher_id`),
  KEY `academic_status` (`id_academic_status`),
  KEY `position` (`id_position`),
  KEY `id_cathedra` (`id_cathedra`)
) ENGINE=InnoDB  DEFAULT CHARSET=utf8 AUTO_INCREMENT=13 ;

--
-- Дамп данных таблицы `teachers`
--

INSERT INTO `teachers` (`teacher_id`, `teacher_name`, `id_position`, `id_academic_status`, `id_cathedra`) VALUES
(1, 'Чопоров Сергій Вікторович', 3, 1, 1),
(2, 'Гуржій Наталія Миколаївна', 7, 2, 6),
(3, 'Маказан Євгенія Василівна', 6, 1, 5),
(4, 'Маркова Світлана Вікторівна', 6, 1, 5),
(5, 'Горошкова Лідія Анатоліївна', 7, 2, 6),
(6, 'Бурма Тетяна Григорівна', 6, 1, 5),
(7, 'Бєлоусова Олена Станіславівна', 6, 1, 6),
(8, 'Саєнко Світлана Геннадіївна', 6, 1, 7),
(9, 'Кисільова Інна Юріївна', 6, 1, 8),
(10, 'Дибчинська Яна Станіславівна', 6, 1, 9),
(11, 'Кургузова Андрій Олегович', 6, 1, 9),
(12, 'Шавкун Ірина Григорівна', 7, 2, 9);

-- --------------------------------------------------------

--
-- Структура таблицы `teachers_academic_status`
--

CREATE TABLE IF NOT EXISTS `teachers_academic_status` (
  `academic_status_id` int(2) NOT NULL AUTO_INCREMENT,
  `academic_status_name` varchar(150) NOT NULL,
  PRIMARY KEY (`academic_status_id`)
) ENGINE=InnoDB  DEFAULT CHARSET=utf8 AUTO_INCREMENT=3 ;

--
-- Дамп данных таблицы `teachers_academic_status`
--

INSERT INTO `teachers_academic_status` (`academic_status_id`, `academic_status_name`) VALUES
(1, 'Кандидат наук'),
(2, 'Доктор наук');

-- --------------------------------------------------------

--
-- Структура таблицы `teachers_other_cathedra`
--

CREATE TABLE IF NOT EXISTS `teachers_other_cathedra` (
  `id_teacher` int(4) NOT NULL,
  `id_cathedra` int(3) NOT NULL,
  KEY `id_teacher` (`id_teacher`),
  KEY `id_cathedra` (`id_cathedra`)
) ENGINE=InnoDB DEFAULT CHARSET=utf8;

-- --------------------------------------------------------

--
-- Структура таблицы `teachers_position`
--

CREATE TABLE IF NOT EXISTS `teachers_position` (
  `position_id` int(2) NOT NULL AUTO_INCREMENT,
  `position_name` varchar(150) NOT NULL,
  PRIMARY KEY (`position_id`)
) ENGINE=InnoDB  DEFAULT CHARSET=utf8 AUTO_INCREMENT=12 ;

--
-- Дамп данных таблицы `teachers_position`
--

INSERT INTO `teachers_position` (`position_id`, `position_name`) VALUES
(1, 'асистент'),
(2, 'викладач'),
(3, 'старший викладач'),
(4, 'директор бібліотеки'),
(5, 'науковий працівник бібліотеки'),
(6, 'доцент'),
(7, 'професор'),
(8, 'завідуючий кафедрою'),
(9, 'декан'),
(10, 'проректор'),
(11, 'ректор');

--
-- Ограничения внешнего ключа сохраненных таблиц
--

--
-- Ограничения внешнего ключа таблицы `cathedra`
--
ALTER TABLE `cathedra`
  ADD CONSTRAINT `cathedra_ibfk_1` FOREIGN KEY (`id_faculty`) REFERENCES `faculty` (`faculty_id`) ON DELETE SET NULL ON UPDATE CASCADE;

--
-- Ограничения внешнего ключа таблицы `classrooms`
--
ALTER TABLE `classrooms`
  ADD CONSTRAINT `housing_id_for_classrooms` FOREIGN KEY (`id_housing`) REFERENCES `housing` (`housing_id`) ON UPDATE CASCADE;

--
-- Ограничения внешнего ключа таблицы `class_type`
--
ALTER TABLE `class_type`
  ADD CONSTRAINT `classrooms_id_for_class_type` FOREIGN KEY (`classroom_id`) REFERENCES `classrooms` (`classrooms_id`) ON UPDATE CASCADE,
  ADD CONSTRAINT `spec_class_id_for_class_type` FOREIGN KEY (`spec_class_id`) REFERENCES `spec_classes` (`spec_class_id`) ON UPDATE CASCADE;

--
-- Ограничения внешнего ключа таблицы `discipline_distribution`
--
ALTER TABLE `discipline_distribution`
  ADD CONSTRAINT `cl_id` FOREIGN KEY (`id_classroom`) REFERENCES `classrooms` (`classrooms_id`) ON UPDATE CASCADE,
  ADD CONSTRAINT `discipline_id` FOREIGN KEY (`id_discipline`) REFERENCES `discipline` (`discipline_id`) ON UPDATE CASCADE,
  ADD CONSTRAINT `group_id` FOREIGN KEY (`id_group`) REFERENCES `groups` (`group_id`) ON UPDATE CASCADE,
  ADD CONSTRAINT `lessons_type_id` FOREIGN KEY (`id_lessons_type`) REFERENCES `lessons_type` (`id`) ON UPDATE CASCADE;

--
-- Ограничения внешнего ключа таблицы `groups`
--
ALTER TABLE `groups`
  ADD CONSTRAINT `id_okr_for_groups` FOREIGN KEY (`id_okr`) REFERENCES `okr` (`okr_id`) ON UPDATE CASCADE,
  ADD CONSTRAINT `id_speciality_for_groups` FOREIGN KEY (`id_speciality`) REFERENCES `speciality` (`speciality_id`) ON UPDATE CASCADE;

--
-- Ограничения внешнего ключа таблицы `lessons`
--
ALTER TABLE `lessons`
  ADD CONSTRAINT `class_id_for_main_timetable` FOREIGN KEY (`id_classroom`) REFERENCES `classrooms` (`classrooms_id`) ON UPDATE CASCADE,
  ADD CONSTRAINT `disc_id_for_main_timetable` FOREIGN KEY (`id_discipline`) REFERENCES `discipline_distribution` (`discipline_distribution_id`) ON UPDATE CASCADE,
  ADD CONSTRAINT `fac_id_for_main_timetable` FOREIGN KEY (`id_faculty`) REFERENCES `faculty` (`faculty_id`) ON UPDATE CASCADE,
  ADD CONSTRAINT `gr_id_for_main_timetable` FOREIGN KEY (`id_group`) REFERENCES `groups` (`group_id`) ON UPDATE CASCADE,
  ADD CONSTRAINT `okr_id_for_main_timetable` FOREIGN KEY (`id_okr`) REFERENCES `okr` (`okr_id`) ON UPDATE CASCADE,
  ADD CONSTRAINT `spec_id_for_main_timetable` FOREIGN KEY (`id_speciality`) REFERENCES `speciality` (`speciality_id`) ON UPDATE CASCADE,
  ADD CONSTRAINT `teach_id_for_main_timetable` FOREIGN KEY (`id_teacher`) REFERENCES `teachers` (`teacher_id`) ON UPDATE CASCADE;

--
-- Ограничения внешнего ключа таблицы `speciality`
--
ALTER TABLE `speciality`
  ADD CONSTRAINT `id_faculty_speciality` FOREIGN KEY (`id_faculty`) REFERENCES `faculty` (`faculty_id`) ON UPDATE CASCADE;

--
-- Ограничения внешнего ключа таблицы `teachers`
--
ALTER TABLE `teachers`
  ADD CONSTRAINT `teacher_id_academic_status` FOREIGN KEY (`id_academic_status`) REFERENCES `teachers_academic_status` (`academic_status_id`) ON UPDATE CASCADE,
  ADD CONSTRAINT `teacher_id_position` FOREIGN KEY (`id_position`) REFERENCES `teachers_position` (`position_id`) ON UPDATE CASCADE;

--
-- Ограничения внешнего ключа таблицы `teachers_other_cathedra`
--
ALTER TABLE `teachers_other_cathedra`
  ADD CONSTRAINT `id_teacher_for_tc` FOREIGN KEY (`id_teacher`) REFERENCES `teachers` (`teacher_id`) ON UPDATE CASCADE;

/*!40101 SET CHARACTER_SET_CLIENT=@OLD_CHARACTER_SET_CLIENT */;
/*!40101 SET CHARACTER_SET_RESULTS=@OLD_CHARACTER_SET_RESULTS */;
/*!40101 SET COLLATION_CONNECTION=@OLD_COLLATION_CONNECTION */;
