-- phpMyAdmin SQL Dump
-- version 4.0.10.6
-- http://www.phpmyadmin.net
--
-- Хост: 127.0.0.1:3306
-- Время создания: Июн 03 2015 г., 23:17
-- Версия сервера: 5.5.41-log
-- Версия PHP: 5.5.19

SET SQL_MODE = "NO_AUTO_VALUE_ON_ZERO";
SET time_zone = "+00:00";


/*!40101 SET @OLD_CHARACTER_SET_CLIENT=@@CHARACTER_SET_CLIENT */;
/*!40101 SET @OLD_CHARACTER_SET_RESULTS=@@CHARACTER_SET_RESULTS */;
/*!40101 SET @OLD_COLLATION_CONNECTION=@@COLLATION_CONNECTION */;
/*!40101 SET NAMES utf8 */;

--
-- База данных: `timetable_znu`
--

-- --------------------------------------------------------

--
-- Структура таблицы `cathedra`
--

CREATE TABLE IF NOT EXISTS `cathedra` (
  `cathedra_id` int(3) NOT NULL AUTO_INCREMENT,
  `cathedra_name` varchar(150) CHARACTER SET utf8 COLLATE utf8_unicode_ci NOT NULL,
  `id_edbo` int(11) NOT NULL,
  `id_deanery` int(11) NOT NULL,
  `id_faculty` int(10) DEFAULT NULL,
  PRIMARY KEY (`cathedra_id`),
  KEY `id_faculty` (`id_faculty`)
) ENGINE=InnoDB  DEFAULT CHARSET=utf8 AUTO_INCREMENT=70 ;

--
-- Дамп данных таблицы `cathedra`
--

INSERT INTO `cathedra` (`cathedra_id`, `cathedra_name`, `id_edbo`, `id_deanery`, `id_faculty`) VALUES
(1, 'Політології', 1981, 0, 13),
(2, 'Теорії та практики перекладу з англійської мови', 1904, 0, 7),
(3, 'Економічної кібернетики', 1918, 0, 6),
(4, 'Прикладної математики і механіки', 1888, 0, 1),
(6, 'Реклами та зв’язків з громадськістю', 17685, 0, 11),
(7, 'Загальної та прикладної екології і зоології', 1911, 0, 3),
(8, 'Міжнародної економіки та економічної теорії', 1916, 0, 6),
(9, 'Російської філології', 1896, 0, 10),
(10, 'Видавничої справи та редагування', 1900, 0, 11),
(12, 'Здоров`я людини та фізичної реабілітації', 14709, 0, 9),
(13, 'Соціальних комунікацій', 2572, 0, 11),
(14, 'Мисливствознавства та іхтіології', 1914, 0, 3),
(15, 'Управління персоналом і маркетингу', 12790, 0, 6),
(16, 'Ділової комунікації', 1922, 0, 5),
(17, 'Всесвітньої історії та міжнародних відносин', 1878, 0, 4),
(18, 'Медико-біологічних основ фізичного виховання та спорту', 1955, 0, 9),
(20, 'Фізичного виховання', 1946, 0, 9),
(21, 'Новітньої історії України', 1875, 0, 4),
(22, 'Джерелознавства, історіографії та спеціальних історичних дисциплин', 1879, 0, 4),
(23, 'Математичного моделювання', 1891, 0, 1),
(24, 'Хімії', 1913, 0, 3),
(26, 'Менеджменту організацій та логістики', 1925, 0, 5),
(27, 'Адміністративного та господарського права', 1929, 0, 12),
(28, 'Обліку та аудиту', 1919, 0, 6),
(29, 'Математичному аналізу', 1890, 0, 1),
(30, 'Фінансів та кредиту', 1917, 0, 6),
(31, 'Фізіології з курсом цивільного захисту', 1915, 0, 3),
(33, 'Туризму', 14708, 0, 9),
(34, 'Цивільного права', 1936, 0, 12),
(35, 'Історії України', 1877, 0, 4),
(36, 'Спортивних ігор', 1949, 0, 9),
(37, 'Іноземних мов професійного спрямування', 8644, 0, 7),
(38, 'Інформаційних технологій', 1892, 0, 1),
(39, 'Управління фінансово-економічною безпекою і проектами', 12789, 0, 6),
(40, 'Олімпійського та професійного спорту', 1952, 0, 9),
(41, 'Українознавства', 1895, 0, 10),
(42, 'Романської філології і перекладу', 1908, 0, 7),
(44, 'Української мови', 1893, 0, 10),
(45, 'Алгебри та геометрії', 1889, 0, 1),
(46, 'Прикладної фізики', 1885, 0, 2),
(47, 'Практичної психології', 1968, 0, 8),
(49, 'Кримінального права та правосуддя', 1934, 0, 12),
(50, 'Імунології та біохімії', 1910, 0, 3),
(51, 'Соціальної педагогіки', 1970, 0, 8),
(52, 'Акторської майстерності', 1960, 0, 8),
(53, 'Німецької філології і перекладу', 1907, 0, 7),
(54, 'Української літератури', 1894, 0, 10),
(55, 'Історії і теорії держави та права', 1931, 0, 12),
(56, 'Фізики та методики її викладання', 1887, 0, 2),
(57, 'Конституційного та трудового права', 1928, 0, 12),
(58, 'Філософії', 17686, 0, NULL),
(59, 'Соціальної філософії та упраління', 1983, 0, 13),
(60, 'Англійської філології', 1906, 0, 7),
(61, 'Фізики напівпровідників', 1884, 0, 2),
(62, 'Бізнес-адміністрування і менеджменту зовнішньо-економічної діяльності', 1924, 0, 5),
(63, 'Викладання другої іноземної мови', 8645, 0, 7),
(64, 'Фізики металів', 1886, 0, 2),
(65, 'Педагогіки та психології освітньої діяльності', 1966, 0, 8),
(66, 'Журналістики', 2566, 0, 11),
(67, 'Теорії та методики фізичного виховання і спорту', 2577, 0, 9),
(68, 'Садово-паркового господарства та генетики рослин', 1912, 0, 3),
(69, 'Соціології', 1978, 0, 13);

-- --------------------------------------------------------

--
-- Структура таблицы `cathedra2`
--

CREATE TABLE IF NOT EXISTS `cathedra2` (
  `id` int(11) NOT NULL AUTO_INCREMENT,
  `CathedraName` text COLLATE utf8_unicode_ci,
  PRIMARY KEY (`id`)
) ENGINE=InnoDB  DEFAULT CHARSET=utf8 COLLATE=utf8_unicode_ci COMMENT='кафедры из csv-файла учебн.отдета' AUTO_INCREMENT=76 ;

--
-- Дамп данных таблицы `cathedra2`
--

INSERT INTO `cathedra2` (`id`, `CathedraName`) VALUES
(1, 'біологічний факультет'),
(2, 'економічний факультет'),
(3, 'історичний факультет'),
(4, 'кафедра адміністративного та господарського права'),
(5, 'кафедра акторської майстерності'),
(6, 'кафедра алгебри та геометрії'),
(7, 'кафедра англійської філології'),
(8, 'кафедра бізнес-адміністрування і менеджменту зовнішньоекономічної діяльності'),
(9, 'кафедра видавничої справи та редагування'),
(10, 'кафедра викладання другої іноземної мови'),
(11, 'кафедра всесвітньої історії та міжнародних відносин'),
(12, 'кафедра джерелознавства, історіографії та спеціальних історичних дисциплін'),
(13, 'кафедра ділової комунікації'),
(14, 'кафедра економічної кібернетики'),
(15, 'кафедра журналістики'),
(16, 'кафедра загальної та прикладної екології і зоології'),
(17, 'кафедра здоров''я людини та фізичної реабілітації'),
(18, 'кафедра імунології та біохімії'),
(19, 'кафедра іноземних мов професійного спрямування'),
(20, 'кафедра інформаційних технологій'),
(21, 'кафедра історії і теорії держави та права'),
(22, 'кафедра історії України'),
(23, 'кафедра конституційного та трудового права'),
(24, 'кафедра кримінального права та правосуддя'),
(25, 'кафедра математичного аналізу'),
(26, 'кафедра математичного моделювання'),
(27, 'кафедра медико-біологічних основ фізичного виховання та спорту'),
(28, 'кафедра менеджменту організацій та логістики'),
(29, 'кафедра мисливствознавства та іхтіології'),
(30, 'кафедра міжнародної економіки та економічної теорії'),
(31, 'кафедра німецької філології і перекладу'),
(32, 'кафедра новітньої історії України'),
(33, 'кафедра обліку та аудиту'),
(34, 'кафедра олімпійського та професійного спорту'),
(35, 'кафедра педагогіки та психології освітньої діяльності'),
(36, 'кафедра політології'),
(37, 'кафедра практичної психології'),
(38, 'кафедра прикладної математики і механіки'),
(39, 'кафедра прикладної фізики'),
(40, 'кафедра реклами та зв’язків із громадськістю'),
(41, 'кафедра романської філології і перекладу'),
(42, 'кафедра російської філології'),
(43, 'кафедра садово-паркового господарства та генетики рослин'),
(44, 'кафедра соціальних комунікацій'),
(45, 'кафедра соціальної педагогіки'),
(46, 'кафедра соціальної філософії та управління'),
(47, 'кафедра соціології'),
(48, 'кафедра спортивних ігор'),
(49, 'кафедра теорії та методики фізичного виховання і спорту'),
(50, 'кафедра теорії та практики перекладу з англійської мови'),
(51, 'кафедра туризму'),
(52, 'кафедра українознавства'),
(53, 'кафедра української літератури'),
(54, 'кафедра української мови'),
(55, 'кафедра управління персоналом і маркетингу'),
(56, 'кафедра управління фінансово-економічною безпекою і проектами'),
(57, 'кафедра фізики металів'),
(58, 'кафедра фізики напівпровідників'),
(59, 'кафедра фізики та методики її викладання'),
(60, 'кафедра фізичного виховання'),
(61, 'кафедра фізіології з курсом цивільного захисту'),
(62, 'кафедра філософії'),
(63, 'кафедра фінансів та кредиту'),
(64, 'кафедра хімії'),
(65, 'кафедра цивільного права'),
(66, 'керівний склад'),
(67, 'математичний факультет'),
(68, 'факультет журналістики'),
(69, 'факультет іноземної філології'),
(70, 'факультет менеджменту'),
(71, 'факультет соціальної педагогіки та психології'),
(72, 'факультет соціології та управління'),
(73, 'факультет фізичного виховання'),
(74, 'філологічний факультет'),
(75, 'юридичний факультет');

-- --------------------------------------------------------

--
-- Структура таблицы `classrooms`
--

CREATE TABLE IF NOT EXISTS `classrooms` (
  `classrooms_id` int(4) NOT NULL AUTO_INCREMENT,
  `classrooms_number` varchar(4) NOT NULL,
  `id_housing` tinyint(1) NOT NULL,
  `seats` int(4) NOT NULL,
  `comp_number` int(3) NOT NULL,
  `options` varchar(100) NOT NULL,
  `is_public` tinyint(1) NOT NULL,
  PRIMARY KEY (`classrooms_id`),
  KEY `id_housing` (`id_housing`)
) ENGINE=InnoDB  DEFAULT CHARSET=utf8 AUTO_INCREMENT=291 ;

--
-- Дамп данных таблицы `classrooms`
--

INSERT INTO `classrooms` (`classrooms_id`, `classrooms_number`, `id_housing`, `seats`, `comp_number`, `options`, `is_public`) VALUES
(50, '38', 1, 24, 12, '', 0),
(51, '40', 1, 24, 12, '', 0),
(52, '41', 1, 22, 12, '2', 0),
(53, '305', 6, 28, 14, '2', 0),
(54, '404', 6, 13, 13, '2', 0),
(55, '213', 7, 24, 12, '', 0),
(56, '01', 1, 2, 0, '4', 0),
(57, '02', 1, 10, 0, '4', 0),
(58, '09', 1, 4, 0, '5', 0),
(59, '10', 1, 18, 0, '4', 0),
(60, '13', 1, 6, 0, '5', 0),
(61, '14', 1, 6, 0, '6', 0),
(62, '17', 1, 8, 0, '6', 0),
(63, '24', 1, 24, 0, '4', 0),
(64, '28', 1, 16, 0, '7', 0),
(65, '33', 1, 20, 0, '5', 0),
(66, '34', 1, 24, 0, '4', 0),
(67, '36', 1, 90, 0, '', 0),
(68, '37', 1, 18, 0, '2', 0),
(72, '46', 1, 14, 0, '6', 0),
(73, '47', 1, 10, 0, '6', 0),
(74, '50', 1, 150, 0, '', 0),
(75, '51', 1, 18, 0, '5', 0),
(76, '51а', 1, 6, 0, '5', 0),
(77, '52', 1, 12, 0, '5', 0),
(78, '53', 1, 36, 0, '3', 0),
(79, '54', 1, 50, 0, '', 0),
(80, '55', 1, 115, 0, '', 0),
(81, '57', 1, 30, 0, '9', 0),
(82, '61', 1, 34, 0, '10', 0),
(83, '62', 1, 90, 0, '', 0),
(84, '64', 1, 30, 0, '9', 0),
(85, '102', 2, 12, 0, '11', 0),
(86, '103', 2, 15, 15, '', 0),
(87, '104', 2, 15, 15, '', 0),
(88, '105', 2, 15, 15, '', 0),
(89, '107', 2, 12, 0, '11', 0),
(90, '121', 2, 18, 18, '', 0),
(91, '117', 2, 42, 0, '', 0),
(92, '203', 2, 30, 0, '12', 0),
(93, '206', 2, 10, 0, '13', 0),
(94, '211', 2, 15, 0, '', 0),
(95, '214', 2, 30, 0, '12', 0),
(96, '216', 2, 30, 0, '12', 0),
(97, '219', 2, 16, 0, '', 0),
(98, '224', 2, 30, 0, '14', 0),
(99, '225а', 2, 12, 0, '', 0),
(102, '214', 2, 30, 0, '', 0),
(104, '226', 2, 62, 0, '', 0),
(105, '228', 2, 16, 0, '', 0),
(106, '229', 2, 90, 0, '', 0),
(107, '230', 2, 60, 0, '', 0),
(108, '234', 2, 44, 0, '', 0),
(109, '236', 2, 14, 0, '', 0),
(110, '238', 2, 30, 0, '', 0),
(111, '240', 2, 16, 0, '', 0),
(112, '241', 2, 40, 13, '', 0),
(113, '246', 2, 36, 0, '', 0),
(114, '248', 2, 42, 0, '', 0),
(115, '249', 2, 16, 0, '15', 0),
(116, '250', 2, 86, 0, '', 0),
(117, '250а', 2, 14, 0, '', 0),
(118, '251', 2, 15, 0, '', 0),
(119, '252', 2, 48, 0, '', 0),
(120, '311', 2, 10, 0, '11', 0),
(121, '312', 2, 20, 0, '16', 0),
(122, '314', 2, 42, 0, '', 0),
(123, '316', 2, 42, 0, '', 0),
(124, '318', 2, 16, 0, '', 0),
(125, '320', 2, 20, 0, '17', 0),
(126, '321', 2, 30, 0, '', 0),
(127, '323', 2, 8, 0, '', 0),
(128, '325', 2, 14, 0, '17', 0),
(130, '323', 2, 8, 0, '', 0),
(131, '325', 2, 14, 0, '', 0),
(132, '326', 2, 18, 0, '', 0),
(133, '327а', 2, 15, 0, '', 0),
(134, '327б', 2, 15, 0, '', 0),
(135, '328', 2, 72, 0, '', 0),
(136, '330', 2, 15, 15, '', 0),
(137, '406', 2, 16, 0, '', 0),
(138, '407', 2, 78, 0, '', 0),
(139, '408', 2, 108, 0, '', 0),
(140, '409', 2, 18, 0, '', 0),
(141, '412', 2, 48, 0, '', 0),
(142, '414', 2, 36, 0, '', 0),
(143, '415', 2, 10, 0, '', 0),
(144, '416', 2, 30, 0, '', 0),
(145, '417', 2, 12, 0, '19', 0),
(146, '418', 2, 16, 0, '12', 0),
(147, '419', 2, 30, 0, '20', 0),
(148, '420', 2, 36, 0, '1', 0),
(149, '421', 2, 48, 0, '1', 0),
(150, '423', 2, 111, 0, '1', 0),
(151, '425', 2, 72, 0, '1', 0),
(152, '427', 2, 15, 0, '1', 0),
(153, '114', 6, 18, 0, '1', 0),
(154, '115', 6, 30, 0, '1', 0),
(155, '116', 6, 72, 0, '1', 0),
(156, '301', 6, 24, 0, '1', 0),
(157, '302', 6, 48, 0, '1', 0),
(158, '303', 6, 33, 0, '1', 0),
(159, '304', 6, 24, 0, '1', 0),
(160, '305', 6, 14, 14, '', 0),
(161, '306', 6, 22, 0, '1', 0),
(162, '307', 6, 16, 0, '1', 0),
(163, '308', 6, 24, 0, '1', 0),
(164, '310', 6, 16, 0, '1', 0),
(165, '311', 6, 16, 0, '1', 0),
(166, '312', 6, 51, 0, '1', 0),
(167, '313', 6, 51, 0, '1', 0),
(168, '314', 6, 27, 0, '1', 0),
(169, '401', 6, 24, 0, '1', 0),
(170, '403', 6, 42, 0, '1', 0),
(172, '405', 6, 24, 0, '1', 0),
(173, '406', 6, 24, 0, '1', 0),
(174, '410', 6, 44, 0, '1', 0),
(175, '413', 6, 44, 0, '1', 0),
(176, '414', 6, 44, 0, '1', 0),
(177, '501', 6, 16, 0, '1', 0),
(178, '503', 6, 20, 0, '1', 0),
(179, '504', 6, 46, 0, '1', 0),
(180, '505', 6, 20, 0, '1', 0),
(181, '506', 6, 22, 0, '1', 0),
(182, '507', 6, 16, 0, '1', 0),
(183, '508', 6, 16, 0, '1', 0),
(184, '509', 6, 26, 0, '1', 0),
(185, '510', 6, 40, 0, '1', 0),
(186, '511', 6, 16, 0, '1', 0),
(187, '512', 6, 16, 0, '1', 0),
(188, '513', 6, 42, 0, '1', 0),
(189, '514', 6, 40, 0, '1', 0),
(190, '515', 6, 22, 0, '1', 0),
(194, '101', 3, 75, 0, '1', 0),
(195, '102', 3, 24, 0, '21', 0),
(196, '103', 3, 30, 0, '22', 0),
(197, '104', 3, 15, 0, '23', 0),
(198, '110', 3, 3, 0, '24', 0),
(199, '113', 3, 25, 0, '25', 0),
(200, '116', 3, 12, 0, '22', 0),
(201, '201', 3, 12, 0, '26', 0),
(202, '202', 3, 14, 0, '27', 0),
(203, '206', 3, 18, 0, '25', 0),
(204, '207', 3, 12, 0, '27', 0),
(205, '208', 3, 24, 0, '22', 0),
(206, '209', 3, 14, 0, '28', 0),
(207, '210', 3, 16, 0, '27', 0),
(208, '214', 3, 180, 0, '1', 0),
(209, '219', 3, 30, 0, '22', 0),
(210, '301', 3, 12, 0, '29', 0),
(211, '302', 3, 16, 0, '29', 0),
(212, '304', 3, 20, 0, '29', 0),
(213, '305', 3, 20, 0, '29', 0),
(214, '306', 3, 76, 0, '1', 0),
(215, '307', 3, 74, 0, '1', 0),
(216, '308', 3, 20, 0, '30', 0),
(217, '309', 3, 18, 0, '30', 0),
(218, '310а', 3, 26, 0, '30', 0),
(219, '313', 3, 12, 0, '21', 0),
(220, '108', 4, 18, 0, '31', 0),
(221, '109', 4, 10, 0, '38', 0),
(222, '116', 4, 16, 0, '1', 0),
(223, '117', 4, 16, 0, '1', 0),
(224, '118', 4, 28, 0, '1', 0),
(225, '119', 4, 16, 0, '1', 0),
(226, '125', 4, 30, 0, '1', 0),
(227, '126', 4, 30, 0, '1', 0),
(228, '126', 4, 30, 0, '1', 0),
(229, '206', 4, 45, 0, '32', 0),
(230, '207', 4, 30, 0, '38', 0),
(231, '225', 4, 12, 0, '1', 0),
(232, '237', 4, 28, 0, '34', 0),
(233, '305', 4, 24, 0, '32', 0),
(234, '307', 4, 26, 0, '35', 0),
(235, '328', 4, 60, 0, '1', 0),
(236, '329', 4, 18, 0, '1', 0),
(237, '330', 4, 16, 0, '1', 0),
(238, '333', 4, 18, 0, '1', 0),
(239, '336', 4, 30, 0, '36', 0),
(240, '101', 7, 34, 0, '37', 0),
(241, '119', 7, 48, 0, '37', 0),
(242, '119а', 4, 10, 0, '38', 0),
(243, '120', 4, 34, 0, '37', 0),
(244, '202', 4, 32, 0, '39', 0),
(245, '203', 4, 58, 0, '39', 0),
(246, '213', 4, 22, 12, '2', 0),
(247, '302', 4, 20, 0, '40', 0),
(248, 'а/з', 5, 150, 0, '1', 0),
(249, '102', 5, 20, 0, '43', 0),
(250, '106', 5, 30, 0, '1', 0),
(251, '107', 5, 26, 0, '1', 0),
(252, '109', 5, 24, 0, '1', 0),
(253, '111', 5, 30, 0, '1', 0),
(254, '125', 5, 23, 13, '1', 0),
(255, '127', 5, 24, 0, '1', 0),
(256, '202', 5, 56, 0, '42', 0),
(257, '203', 5, 26, 0, '41', 0),
(258, '204', 5, 22, 12, '1', 0),
(259, '205', 5, 32, 0, '1', 0),
(260, '206', 5, 30, 0, '1', 0),
(261, '207', 5, 26, 0, '1', 0),
(262, '213', 5, 18, 0, '1', 0),
(263, '214', 5, 15, 0, '44', 0),
(264, '215', 5, 22, 0, '1', 0),
(265, '220', 5, 26, 0, '1', 0),
(266, '221', 5, 22, 0, '1', 0),
(267, '302', 5, 30, 0, '1', 0),
(268, '307', 5, 30, 0, '1', 0),
(269, '308', 5, 50, 0, '1', 0),
(270, '310', 5, 10, 0, '7', 0),
(271, '313', 5, 26, 0, '1', 0),
(272, '317', 5, 12, 0, '46', 0),
(273, '318', 5, 12, 0, '1', 0),
(274, '321', 5, 22, 0, '1', 0),
(275, '325', 5, 22, 0, '1', 0),
(276, '326', 5, 30, 0, '3', 0),
(277, '327', 5, 66, 0, '3', 0),
(278, '329', 5, 22, 0, '1', 0),
(279, '103', 8, 15, 0, '1', 0),
(280, '104', 8, 66, 0, '1', 0),
(281, '105', 8, 48, 0, '1', 0),
(282, '117', 8, 81, 0, '1', 0),
(283, '202', 8, 24, 0, '1', 0),
(284, '203', 8, 28, 0, '1', 0),
(285, '205', 8, 16, 0, '1', 0),
(286, '206', 8, 24, 0, '1', 0),
(287, '208', 8, 16, 0, '1', 0),
(288, '222', 8, 56, 0, '1', 0),
(289, '217', 8, 38, 14, '1', 0),
(290, 'а/з', 8, 390, 0, '49', 0);

-- --------------------------------------------------------

--
-- Структура таблицы `classrooms_busy`
--

CREATE TABLE IF NOT EXISTS `classrooms_busy` (
  `cb_id` int(5) NOT NULL AUTO_INCREMENT,
  `id_classroom` int(4) NOT NULL,
  `day` date NOT NULL,
  `lesson` int(1) NOT NULL,
  PRIMARY KEY (`cb_id`),
  KEY `lesson` (`lesson`),
  KEY `id_classroom` (`id_classroom`)
) ENGINE=InnoDB  DEFAULT CHARSET=utf8 AUTO_INCREMENT=2 ;

--
-- Дамп данных таблицы `classrooms_busy`
--

INSERT INTO `classrooms_busy` (`cb_id`, `id_classroom`, `day`, `lesson`) VALUES
(1, 56, '2015-05-03', 2);

-- --------------------------------------------------------

--
-- Структура таблицы `class_type`
--

CREATE TABLE IF NOT EXISTS `class_type` (
  `classroom_id` int(4) NOT NULL,
  `spec_class_id` tinyint(2) NOT NULL,
  KEY `classroom_id` (`classroom_id`),
  KEY `spec_class_id` (`spec_class_id`)
) ENGINE=InnoDB DEFAULT CHARSET=utf8;

--
-- Дамп данных таблицы `class_type`
--

INSERT INTO `class_type` (`classroom_id`, `spec_class_id`) VALUES
(50, 2),
(51, 2),
(55, 2),
(67, 1),
(74, 1),
(79, 1),
(80, 1),
(83, 1),
(91, 1),
(86, 2),
(87, 2),
(88, 2),
(90, 2),
(94, 1),
(97, 1),
(99, 1),
(104, 1),
(105, 1),
(106, 1),
(107, 1),
(108, 1),
(109, 1),
(110, 1),
(111, 1),
(112, 2),
(113, 1),
(114, 1),
(116, 1),
(117, 1),
(118, 1),
(119, 1),
(122, 1),
(123, 1),
(124, 1),
(126, 3),
(127, 1),
(130, 1),
(132, 3),
(133, 1),
(134, 1),
(135, 1),
(136, 2),
(137, 1),
(138, 1),
(139, 1),
(140, 1),
(141, 1),
(142, 1),
(56, 4),
(57, 4),
(58, 5),
(59, 4),
(60, 5),
(61, 6),
(62, 6),
(63, 4),
(64, 7),
(65, 5),
(66, 4),
(68, 2),
(68, 8),
(52, 2),
(72, 6),
(73, 6),
(75, 5),
(76, 5),
(77, 5),
(78, 3),
(78, 5),
(81, 9),
(82, 10),
(84, 9),
(85, 11),
(89, 11),
(92, 12),
(93, 13),
(95, 12),
(96, 12),
(98, 14),
(115, 15),
(120, 11),
(121, 16),
(125, 17),
(128, 17),
(145, 19),
(146, 12),
(147, 20),
(148, 1),
(149, 1),
(150, 1),
(151, 1),
(152, 1),
(194, 1),
(195, 21),
(196, 22),
(197, 23),
(198, 24),
(199, 25),
(200, 22),
(201, 26),
(202, 27),
(203, 25),
(204, 27),
(205, 22),
(206, 28),
(207, 27),
(208, 1),
(209, 22),
(210, 29),
(211, 29),
(212, 29),
(213, 29),
(214, 1),
(215, 1),
(216, 30),
(217, 30),
(218, 30),
(219, 21),
(220, 31),
(221, 38),
(222, 1),
(223, 1),
(224, 1),
(225, 1),
(226, 1),
(227, 1),
(228, 1),
(229, 32),
(230, 38),
(231, 1),
(231, 33),
(232, 34),
(233, 32),
(234, 35),
(235, 1),
(236, 1),
(237, 1),
(238, 1),
(239, 36),
(240, 37),
(241, 37),
(242, 38),
(243, 37),
(244, 39),
(245, 39),
(246, 2),
(247, 40),
(248, 1),
(249, 43),
(250, 1),
(251, 1),
(252, 1),
(253, 1),
(254, 1),
(254, 2),
(255, 1),
(256, 42),
(257, 41),
(259, 1),
(258, 1),
(258, 2),
(260, 1),
(261, 1),
(262, 1),
(263, 44),
(264, 1),
(265, 1),
(266, 1),
(267, 1),
(268, 1),
(269, 1),
(270, 7),
(271, 1),
(272, 46),
(273, 1),
(274, 1),
(275, 1),
(276, 3),
(277, 3),
(278, 1),
(153, 1),
(154, 1),
(155, 1),
(156, 1),
(157, 1),
(158, 1),
(159, 1),
(53, 2),
(161, 1),
(162, 1),
(163, 1),
(164, 1),
(165, 1),
(166, 1),
(167, 1),
(168, 1),
(169, 1),
(170, 1),
(54, 2),
(172, 1),
(173, 1),
(174, 1),
(175, 1),
(176, 1),
(177, 1),
(178, 1),
(179, 1),
(180, 1),
(181, 1),
(182, 1),
(183, 1),
(184, 1),
(185, 1),
(186, 1),
(187, 1),
(188, 1),
(189, 1),
(190, 1),
(279, 1),
(280, 1),
(281, 1),
(282, 1),
(283, 1),
(284, 1),
(285, 1),
(286, 1),
(287, 1),
(288, 1),
(289, 1),
(289, 2),
(290, 49);

-- --------------------------------------------------------

--
-- Структура таблицы `discipline`
--

CREATE TABLE IF NOT EXISTS `discipline` (
  `discipline_id` int(4) NOT NULL AUTO_INCREMENT,
  `discipline_name` varchar(100) CHARACTER SET utf8 COLLATE utf8_unicode_ci NOT NULL,
  PRIMARY KEY (`discipline_id`)
) ENGINE=InnoDB  DEFAULT CHARSET=utf8 AUTO_INCREMENT=29 ;

--
-- Дамп данных таблицы `discipline`
--

INSERT INTO `discipline` (`discipline_id`, `discipline_name`) VALUES
(1, 'Якість програмного забезпечення '),
(2, 'ФІЗВИХОВАННЯ'),
(3, 'Політологія'),
(4, 'Психологія'),
(5, 'Безпека життєдіяльності'),
(6, 'Історія української культури'),
(7, 'Англійська мова'),
(8, 'Економічна інформатика'),
(9, 'Система технологій'),
(10, 'Регіональна  економіка'),
(11, 'ІІ мова'),
(12, 'Функціонування багатосторонньої торгівельної системи СОТ'),
(13, 'Соціологія'),
(15, 'Вища математика'),
(16, 'Управління інноваціями'),
(17, 'Англійська мова'),
(18, 'Операційний менеджмент'),
(19, 'Бухгалтерський облік ЗЕД'),
(20, 'Міжнародна економічна інтеграція'),
(21, 'Міжнародні фінанси'),
(22, 'Організаційна поведінка'),
(23, 'Основи охорони праці'),
(24, 'Теорія економічного аналізу'),
(25, 'Управління якістю'),
(26, 'Моделювання економічних процесів'),
(27, 'Страхування'),
(28, 'Основи програмування');

-- --------------------------------------------------------

--
-- Структура таблицы `discipline_distribution`
--

CREATE TABLE IF NOT EXISTS `discipline_distribution` (
  `discipline_distribution_id` int(5) NOT NULL AUTO_INCREMENT,
  `id_discipline` int(4) NOT NULL,
  `id_edbo` int(11) NOT NULL,
  `id_deanery` int(11) NOT NULL,
  `id_cathedra` int(3) NOT NULL,
  `id_lessons_type` tinyint(2) NOT NULL,
  `id_group` int(4) DEFAULT NULL,
  `course` int(1) NOT NULL,
  `hours` int(3) NOT NULL,
  `semestr_hours` int(3) NOT NULL,
  `id_classroom` int(4) DEFAULT NULL,
  PRIMARY KEY (`discipline_distribution_id`),
  KEY `id_discipline` (`id_discipline`),
  KEY `id_cathedra` (`id_cathedra`),
  KEY `id_lessons_type` (`id_lessons_type`),
  KEY `id_group` (`id_group`),
  KEY `id_classroom` (`id_classroom`)
) ENGINE=InnoDB  DEFAULT CHARSET=utf8 AUTO_INCREMENT=36 ;

--
-- Дамп данных таблицы `discipline_distribution`
--

INSERT INTO `discipline_distribution` (`discipline_distribution_id`, `id_discipline`, `id_edbo`, `id_deanery`, `id_cathedra`, `id_lessons_type`, `id_group`, `course`, `hours`, `semestr_hours`, `id_classroom`) VALUES
(1, 2, 0, 0, 20, 3, 8337, 1, 0, 0, 55),
(2, 3, 0, 0, 1, 1, 8337, 1, 0, 0, 104),
(3, 4, 0, 0, 47, 1, 8337, 1, 0, 0, 104),
(4, 5, 0, 0, 7, 1, 8337, 1, 0, 0, 155),
(5, 6, 0, 0, 35, 1, 8336, 1, 0, 0, 155),
(6, 16, 0, 0, 26, 4, 8324, 4, 0, 0, NULL),
(7, 17, 0, 0, 16, 3, 8324, 4, 0, 0, 172),
(8, 18, 0, 0, 26, 1, 8324, 4, 0, 0, 166),
(9, 19, 0, 0, 62, 1, 8324, 4, 0, 0, 161),
(10, 20, 0, 0, 62, 1, 8324, 4, 0, 0, 169),
(11, 18, 0, 0, 26, 4, 8324, 4, 0, 0, 166),
(12, 19, 0, 0, 62, 4, 8324, 4, 0, 0, 159),
(13, 20, 0, 0, 62, 4, 8324, 4, 0, 0, 169),
(14, 21, 0, 0, 62, 4, 8324, 4, 0, 0, 169),
(15, 22, 0, 0, 16, 4, 8324, 4, 0, 0, 172),
(16, 22, 0, 0, 16, 1, 8324, 4, 0, 0, 175),
(17, 16, 0, 0, 26, 1, 8324, 4, 0, 0, 176),
(18, 23, 0, 0, 14, 1, 8324, 4, 0, 0, 170),
(19, 17, 0, 0, 16, 3, 8324, 4, 0, 0, 173),
(20, 24, 0, 0, 28, 1, 8324, 4, 0, 0, 174),
(21, 24, 0, 0, 28, 4, 8324, 4, 0, 0, 174),
(22, 25, 0, 0, 26, 1, 8324, 4, 0, 0, 174),
(23, 26, 0, 0, 62, 1, 8324, 4, 0, 0, 174),
(24, 25, 0, 0, 26, 4, 8324, 4, 0, 0, 174),
(25, 26, 0, 0, 62, 4, 8324, 4, 0, 0, 170),
(26, 27, 0, 0, 30, 1, 8324, 4, 0, 0, 174),
(27, 27, 0, 0, 30, 4, 8324, 4, 0, 0, 174),
(28, 21, 0, 0, 62, 1, 8324, 4, 0, 0, 169),
(30, 25, 0, 0, 26, 1, 8324, 4, 2, 14, 0),
(34, 7, 0, 0, 37, 1, NULL, 4, 1, 112, NULL),
(35, 7, 0, 0, 37, 3, NULL, 2, 4, 34, NULL);

-- --------------------------------------------------------

--
-- Структура таблицы `discipline_groups`
--

CREATE TABLE IF NOT EXISTS `discipline_groups` (
  `id` int(5) NOT NULL AUTO_INCREMENT,
  `id_discipline` int(5) NOT NULL,
  `id_group` int(4) NOT NULL,
  PRIMARY KEY (`id`),
  KEY `id_discipline` (`id_discipline`),
  KEY `id_group` (`id_group`)
) ENGINE=InnoDB  DEFAULT CHARSET=utf8 AUTO_INCREMENT=61 ;

--
-- Дамп данных таблицы `discipline_groups`
--

INSERT INTO `discipline_groups` (`id`, `id_discipline`, `id_group`) VALUES
(27, 1, 8337),
(28, 2, 8337),
(29, 3, 8337),
(30, 4, 8337),
(31, 5, 8336),
(32, 6, 8324),
(33, 7, 8324),
(34, 8, 8324),
(35, 9, 8324),
(36, 10, 8324),
(37, 11, 8324),
(38, 12, 8324),
(39, 13, 8324),
(40, 14, 8324),
(41, 15, 8324),
(42, 16, 8324),
(43, 17, 8324),
(44, 18, 8324),
(45, 19, 8324),
(46, 20, 8324),
(47, 21, 8324),
(48, 22, 8324),
(49, 23, 8324),
(50, 24, 8324),
(51, 25, 8324),
(52, 26, 8324),
(53, 27, 8324),
(54, 28, 8324),
(55, 30, 8324),
(58, 34, 8439),
(59, 35, 8062),
(60, 35, 8063);

-- --------------------------------------------------------

--
-- Структура таблицы `faculty`
--

CREATE TABLE IF NOT EXISTS `faculty` (
  `faculty_id` int(10) NOT NULL AUTO_INCREMENT,
  `faculty_name` varchar(50) CHARACTER SET utf8 COLLATE utf8_unicode_ci NOT NULL,
  `id_edbo` int(11) NOT NULL,
  `id_deanery` int(11) NOT NULL,
  PRIMARY KEY (`faculty_id`),
  KEY `id_edbo` (`id_edbo`)
) ENGINE=InnoDB  DEFAULT CHARSET=utf8 AUTO_INCREMENT=14 ;

--
-- Дамп данных таблицы `faculty`
--

INSERT INTO `faculty` (`faculty_id`, `faculty_name`, `id_edbo`, `id_deanery`) VALUES
(1, 'Математичний', 1634, 0),
(2, 'Фізичний', 1633, 0),
(3, 'Біологічний', 1639, 0),
(4, 'Історичний', 1632, 0),
(5, 'Факультет менеджменту', 1644, 0),
(6, 'Економічний', 1641, 0),
(7, 'Факультет іноземної філології', 1638, 0),
(8, 'Факультет соціальної педагогіки та психології', 1650, 0),
(9, 'Факультет фізичного виховання', 1647, 0),
(10, 'Філологічний', 1635, 0),
(11, 'Факультет журналістики', 1636, 0),
(12, 'Юридичний', 1645, 0),
(13, 'Факультет соціології та управління', 1654, 0);

-- --------------------------------------------------------

--
-- Структура таблицы `groups`
--

CREATE TABLE IF NOT EXISTS `groups` (
  `group_id` int(4) NOT NULL AUTO_INCREMENT,
  `main_group_name` varchar(50) NOT NULL,
  `is_subgroup` tinyint(1) NOT NULL,
  `id_speciality` int(4) DEFAULT NULL,
  `inflow_year` int(4) DEFAULT NULL,
  `parent_group` int(4) NOT NULL,
  `number_of_students` int(3) NOT NULL,
  `id_okr` tinyint(1) NOT NULL,
  `id_edebo` int(5) NOT NULL,
  PRIMARY KEY (`group_id`),
  KEY `id_speciality` (`id_speciality`),
  KEY `parent_group` (`parent_group`),
  KEY `id_okr` (`id_okr`)
) ENGINE=InnoDB  DEFAULT CHARSET=utf8 AUTO_INCREMENT=8460 ;

--
-- Дамп данных таблицы `groups`
--

INSERT INTO `groups` (`group_id`, `main_group_name`, `is_subgroup`, `id_speciality`, `inflow_year`, `parent_group`, `number_of_students`, `id_okr`, `id_edebo`) VALUES
(7463, ' 7.12213-1', 0, 302, 2013, 0, 14, 2, 211797),
(7470, ' 7.3522-1а', 0, 32, 2012, 0, 22, 2, 95207),
(7471, ' 7.3522-1ісп', 0, 29, 2012, 0, 22, 2, 95205),
(7472, ' 7.3573-А/П', 0, 26, 2013, 0, 11, 2, 212477),
(7473, ' 7.3573-Н/П', 0, 28, 2013, 0, 2, 2, 212479),
(7474, ' 7.3573-Ф/П', 0, 27, 2013, 0, 1, 2, 212481),
(7476, ' 7.3613-1-6', 0, 336, 2013, 0, 8, 2, 208720),
(7477, ' 7.3613-4', 0, 337, 2013, 0, 14, 2, 208652),
(7478, ' 8.181193', 0, 226, 2013, 0, 4, 3, 325504),
(7482, ' 8.31412', 0, 278, 2012, 0, 8, 3, 94293),
(7483, ' 8.3522-1н', 0, 45, 2012, 0, 22, 3, 95159),
(7484, ' 8.35912', 0, 262, 2012, 0, 22, 3, 102888),
(7486, '7.11612-1', 0, 298, 2012, 0, 13, 2, 106143),
(7488, '7.11613', 0, 298, 2013, 0, 11, 2, 214168),
(7490, '7.11614', 0, 298, 2014, 0, 14, 2, 430044),
(7492, '7.12112-1', 0, 301, 2012, 0, 20, 2, 95702),
(7494, '7.12113-1', 0, 301, 2013, 0, 14, 2, 211662),
(7496, '7.12114', 0, 301, 2014, 0, 17, 2, 325171),
(7498, '7.12212-1', 0, 302, 2012, 0, 11, 2, 95706),
(7501, '7.12214', 0, 302, 2014, 0, 11, 2, 325186),
(7502, '7.12312-1', 0, 305, 2012, 0, 19, 2, 95704),
(7504, '7.12313-1', 0, 305, 2013, 0, 10, 2, 211731),
(7505, '7.12324', 0, 305, 2014, 0, 18, 2, 407299),
(7506, '7.131212-1', 0, 355, 2012, 0, 17, 2, 94263),
(7508, '7.131213-1', 0, 355, 2013, 0, 3, 2, 210782),
(7510, '7.131214', 0, 355, 2014, 0, 11, 2, 303803),
(7513, '7.141313', 0, 357, 2013, 0, 19, 2, 211573),
(7515, '7.141314', 0, 357, 2014, 0, 21, 2, 407300),
(7517, '7.14132-1', 0, 357, 2012, 0, 6, 2, 95709),
(7518, '7.22112-1', 0, 306, 2012, 0, 9, 2, 106144),
(7519, '7.22113', 0, 306, 2013, 0, 9, 2, 214181),
(7520, '7.22114', 0, 306, 2014, 0, 12, 2, 430058),
(7521, '7.23212-1', 0, 307, 2012, 0, 18, 2, 110000),
(7523, '7.23213-1', 0, 307, 2013, 0, 10, 2, 212023),
(7525, '7.23214', 0, 307, 2014, 0, 20, 2, 415068),
(7526, '7.23232-1', 0, 310, 2012, 0, 6, 2, 110004),
(7528, '7.23233-1', 0, 310, 2013, 0, 4, 2, 212025),
(7530, '7.23234', 0, 310, 2014, 0, 2, 2, 415189),
(7531, '7.23312', 0, 311, 2012, 0, 30, 2, 100525),
(7533, '7.23313', 0, 311, 2013, 0, 27, 2, 266981),
(7536, '7.23314-у', 0, 311, 2014, 0, 23, 2, 428936),
(7540, '7.23322-1р', 0, 37, 2012, 0, 10, 2, 102471),
(7548, '7.23323р', 0, 37, 2013, 0, 5, 2, 266986),
(7549, '7.23324-а', 0, 32, 2014, 0, 16, 2, 325377),
(7553, '7.23324-ісп', 0, 29, 2014, 0, 10, 2, 325411),
(7554, '7.23324-н', 0, 31, 2014, 0, 7, 2, 325423),
(7555, '7.23324-р', 0, 37, 2014, 0, 8, 2, 428954),
(7556, '7.23324-ф', 0, 30, 2014, 0, 11, 2, 325387),
(7557, '7.23344-а/п', 0, 26, 2014, 0, 12, 2, 325379),
(7559, '7.23344-н/п', 0, 28, 2014, 0, 3, 2, 325401),
(7560, '7.23344-ф/п', 0, 27, 2014, 0, 3, 2, 325400),
(7561, '7.31112-1', 0, 313, 2012, 0, 11, 2, 94257),
(7563, '7.31113-1', 0, 313, 2013, 0, 11, 2, 195637),
(7565, '7.31114', 0, 313, 2014, 0, 19, 2, 303799),
(7567, '7.31212-1', 0, 315, 2012, 0, 28, 2, 106141),
(7570, '7.31213', 0, 315, 2013, 0, 19, 2, 214172),
(7572, '7.31214', 0, 315, 2014, 0, 20, 2, 430051),
(7574, '7.31412-1', 0, 317, 2012, 0, 11, 2, 94265),
(7575, '7.31413-1', 0, 317, 2013, 0, 9, 2, 195638),
(7576, '7.31414', 0, 317, 2014, 0, 5, 2, 303790),
(7577, '7.32511-1', 0, 318, 2012, 0, 25, 2, 110008),
(7578, '7.32513-1', 0, 318, 2013, 0, 22, 2, 212027),
(7579, '7.32514', 0, 318, 2014, 0, 10, 2, 415194),
(7580, '7.33113', 0, 320, 2013, 0, 18, 2, 210703),
(7581, '7.33114', 0, 320, 2014, 0, 16, 2, 412137),
(7582, '7.3312', 0, 320, 2012, 0, 20, 2, 91682),
(7585, '7.33212', 0, 321, 2012, 0, 4, 2, 91718),
(7587, '7.33213', 0, 321, 2013, 0, 5, 2, 210706),
(7589, '7.33214', 0, 321, 2014, 0, 4, 2, 412142),
(7591, '7.33222', 0, 324, 2012, 0, 3, 2, 91719),
(7593, '7.33223', 0, 324, 2013, 0, 2, 2, 210709),
(7596, '7.33313', 0, 325, 2013, 0, 10, 2, 210711),
(7597, '7.33314', 0, 325, 2014, 0, 10, 2, 412139),
(7598, '7.3332', 0, 325, 2012, 0, 7, 2, 92844),
(7599, '7.34113-1', 0, 326, 2013, 0, 1, 2, 208642),
(7600, '7.34113-2', 0, 326, 2013, 0, 28, 2, 208646),
(7601, '7.34113-А', 0, 327, 2013, 0, 30, 2, 208653),
(7602, '7.34113-Б', 0, 327, 2013, 0, 29, 2, 208655),
(7603, '7.34113-В', 0, 327, 2013, 0, 29, 2, 218649),
(7604, '7.34113-Г', 0, 327, 2013, 0, 30, 2, 218652),
(7605, '7.34114-1', 0, 326, 2014, 0, 26, 2, 410059),
(7607, '7.34114-2', 0, 326, 2014, 0, 24, 2, 410060),
(7609, '7.34114-3', 0, 326, 2014, 0, 24, 2, 410068),
(7610, '7.34114-4', 0, 326, 2014, 0, 25, 2, 410071),
(7611, '7.34212-1', 0, 326, 2012, 0, 30, 2, 109423),
(7612, '7.34212-2', 0, 326, 2012, 0, 30, 2, 109424),
(7613, '7.34212-А', 0, 327, 2012, 0, 30, 2, 109429),
(7614, '7.34212-Б', 0, 327, 2012, 0, 29, 2, 109431),
(7615, '7.34212-В', 0, 327, 2012, 0, 28, 2, 109432),
(7616, '7.34212-Г', 0, 327, 2012, 0, 29, 2, 109433),
(7617, '7.35212-1', 0, 328, 2012, 0, 5, 2, 102878),
(7619, '7.35213', 0, 328, 2013, 0, 10, 2, 211544),
(7621, '7.35214', 0, 328, 2014, 0, 13, 2, 427212),
(7622, '7.3522-1н', 0, 31, 2012, 0, 11, 2, 95197),
(7623, '7.3522-1ф', 0, 30, 2012, 0, 1, 2, 95202),
(7624, '7.3523-А', 0, 32, 2013, 0, 15, 2, 212472),
(7625, '7.3523-ісп', 0, 29, 2013, 0, 9, 2, 212455),
(7626, '7.3523-Н', 0, 31, 2013, 0, 7, 2, 212469),
(7627, '7.3523-Ф', 0, 30, 2013, 0, 6, 2, 212474),
(7628, '7.35312-1', 0, 330, 2012, 0, 1, 2, 102876),
(7629, '7.35313', 0, 330, 2013, 0, 14, 2, 211558),
(7630, '7.35314', 0, 330, 2014, 0, 10, 2, 427281),
(7631, '7.3572-1н/п', 0, 28, 2012, 0, 5, 2, 95199),
(7632, '7.3572-1ф/п', 0, 27, 2012, 0, 6, 2, 95196),
(7633, '7.35812-1', 0, 331, 2012, 0, 17, 2, 102889),
(7635, '7.35813', 0, 331, 2013, 0, 15, 2, 211601),
(7637, '7.35814', 0, 331, 2014, 0, 12, 2, 427320),
(7639, '7.35912-1', 0, 334, 2012, 0, 5, 2, 102881),
(7642, '7.35913', 0, 334, 2013, 0, 11, 2, 211552),
(7643, '7.35914', 0, 334, 2014, 0, 18, 2, 427299),
(7645, '7.36114', 0, 335, 2014, 0, 9, 2, 328767),
(7647, '7.3612-1', 0, 335, 2012, 0, 8, 2, 92358),
(7648, '7.3612-1-6', 0, 336, 2012, 0, 31, 2, 92397),
(7649, '7.3612-4', 0, 337, 2012, 0, 19, 2, 91636),
(7650, '7.3612-4-6', 0, 338, 2012, 0, 25, 2, 92385),
(7651, '7.3613-1', 0, 335, 2013, 0, 8, 2, 208674),
(7652, '7.3613-4-6', 0, 338, 2013, 0, 17, 2, 208724),
(7653, '7.36144', 0, 337, 2014, 0, 5, 2, 328773),
(7655, '7.41113-1', 0, 339, 2013, 0, 10, 2, 208843),
(7656, '7.41114-1', 0, 339, 2014, 0, 8, 2, 419888),
(7657, '7.4112 - 1', 0, 339, 2012, 0, 12, 2, 100176),
(7658, '7.41213-1', 0, 340, 2013, 0, 22, 2, 208850),
(7661, '7.41214-1', 0, 340, 2014, 0, 23, 2, 419823),
(7664, '7.4122-1', 0, 340, 2012, 0, 31, 2, 100180),
(7667, '7.41613-1', 0, 342, 2013, 0, 16, 2, 208858),
(7668, '7.41614-1', 0, 342, 2014, 0, 12, 2, 419840),
(7669, '7.4162-1', 0, 342, 2012, 0, 20, 2, 100186),
(7670, '7.42112-1', 0, 343, 2012, 0, 32, 2, 97768),
(7671, '7.42112-6', 0, 344, 2012, 0, 5, 2, 97789),
(7672, '7.42113-1', 0, 343, 2013, 0, 19, 2, 221030),
(7674, '7.42114', 0, 343, 2014, 0, 22, 2, 417707),
(7676, '7.42312', 0, 345, 2012, 0, 7, 2, 84043),
(7678, '7.42313', 0, 345, 2013, 0, 8, 2, 207877),
(7680, '7.42314', 0, 345, 2014, 0, 8, 2, 325011),
(7681, '7.42322', 0, 347, 2012, 0, 8, 2, 84044),
(7683, '7.42323', 0, 347, 2013, 0, 7, 2, 207878),
(7684, '7.42324', 0, 347, 2014, 0, 9, 2, 325004),
(7685, '7.42412', 0, 349, 2012, 0, 8, 2, 84046),
(7686, '7.42413', 0, 349, 2013, 0, 9, 2, 207880),
(7687, '7.42414', 0, 349, 2014, 0, 11, 2, 325016),
(7688, '7.43112-1', 0, 350, 2012, 0, 13, 2, 97770),
(7689, '7.43112-6', 0, 351, 2012, 0, 4, 2, 97792),
(7690, '7.43113-1', 0, 350, 2013, 0, 8, 2, 221043),
(7691, '7.43114', 0, 350, 2014, 0, 10, 2, 417720),
(7692, '7.43212-1', 0, 352, 2012, 0, 20, 2, 97771),
(7693, '7.43212-6', 0, 353, 2012, 0, 1, 2, 97794),
(7694, '7.43213-1', 0, 352, 2013, 0, 13, 2, 218582),
(7696, '7.43214', 0, 352, 2014, 0, 9, 2, 417723),
(7697, '7.51323-1', 0, 354, 2013, 0, 1, 2, 221014),
(7698, '7.51324', 0, 354, 2014, 0, 5, 2, 417731),
(7699, '8.11612-1', 0, 297, 2012, 0, 9, 3, 106139),
(7701, '8.11613', 0, 297, 2013, 0, 4, 3, 214187),
(7703, '8.11614', 0, 297, 2014, 0, 8, 3, 325264),
(7705, '8.12112', 0, 294, 2012, 0, 7, 3, 95716),
(7707, '8.12113', 0, 294, 2013, 0, 18, 3, 211671),
(7708, '8.12114', 0, 294, 2014, 0, 10, 3, 325184),
(7710, '8.12212', 0, 293, 2012, 0, 8, 3, 95726),
(7712, '8.12213', 0, 293, 2013, 0, 8, 3, 211803),
(7714, '8.12214', 0, 293, 2014, 0, 10, 3, 325143),
(7716, '8.12312', 0, 290, 2012, 0, 4, 3, 95723),
(7718, '8.12313', 0, 290, 2013, 0, 4, 3, 211677),
(7720, '8.12324', 0, 290, 2014, 0, 7, 3, 325149),
(7722, '8.131212', 0, 234, 2012, 0, 7, 3, 94271),
(7724, '8.131213', 0, 234, 2013, 0, 7, 3, 210776),
(7726, '8.131214', 0, 234, 2014, 0, 5, 3, 303802),
(7728, '8.141312', 0, 233, 2012, 0, 7, 3, 254213),
(7729, '8.141313', 0, 233, 2013, 0, 8, 3, 325145),
(7730, '8.141314', 0, 233, 2014, 0, 12, 3, 407303),
(7731, '8.15111-6', 0, 232, 2012, 0, 19, 3, 124512),
(7733, '8.15123', 0, 231, 2014, 0, 5, 3, 193426),
(7735, '8.15124', 0, 231, 2014, 0, 6, 3, 303794),
(7737, '8.181133', 0, 230, 2013, 0, 4, 3, 383893),
(7738, '8.181134', 0, 230, 2014, 0, 7, 3, 427507),
(7739, '8.181142', 0, 229, 2012, 0, 23, 3, 159051),
(7740, '8.181143', 0, 229, 2013, 0, 11, 3, 325555),
(7741, '8.181144', 0, 229, 2014, 0, 10, 3, 427497),
(7743, '8.181164', 0, 228, 2014, 0, 19, 3, 328361),
(7744, '8.181174', 0, 223, 2014, 0, 3, 3, 427555),
(7748, '8.181194', 0, 226, 2014, 0, 6, 3, 412130),
(7750, '8.181213', 0, 224, 2013, 0, 15, 3, 214208),
(7752, '8.181214', 0, 224, 2014, 0, 11, 3, 325259),
(7754, '8.18122-1', 0, 224, 2012, 0, 27, 3, 106142),
(7756, '8.23212-1', 0, 289, 2012, 0, 9, 3, 110005),
(7758, '8.23213-1', 0, 289, 2013, 0, 9, 3, 212030),
(7760, '8.23214', 0, 289, 2014, 0, 5, 3, 415198),
(7762, '8.23232-1', 0, 286, 2012, 0, 2, 3, 110006),
(7764, '8.23233-1', 0, 286, 2013, 0, 3, 3, 212072),
(7766, '8.23234', 0, 286, 2014, 0, 1, 3, 325134),
(7768, '8.23312', 0, 285, 2012, 0, 23, 3, 102501),
(7770, '8.23313', 0, 285, 2013, 0, 12, 3, 266985),
(7773, '8.23314-у', 0, 285, 2014, 0, 12, 3, 325326),
(7775, '8.23322-1р', 0, 52, 2012, 0, 4, 3, 102518),
(7784, '8.23323р', 0, 52, 2013, 0, 4, 3, 266987),
(7785, '8.23324-а', 0, 46, 2014, 0, 15, 3, 325374),
(7791, '8.23324-ісп', 0, 43, 2014, 0, 4, 3, 325430),
(7792, '8.23324-н', 0, 45, 2014, 0, 2, 3, 325416),
(7793, '8.23324-р', 0, 52, 2014, 0, 2, 3, 325325),
(7794, '8.23324-ф', 0, 20, 2014, 0, 4, 3, 400060),
(7795, '8.23344-а/п', 0, 41, 2014, 0, 7, 3, 325372),
(7797, '8.23344-н/п', 0, 40, 2014, 0, 1, 3, 325418),
(7798, '8.23344-ф/п', 0, 39, 2014, 0, 2, 3, 325358),
(7799, '8.31111', 0, 283, 2012, 0, 6, 3, 122096),
(7801, '8.31112', 0, 283, 2012, 0, 4, 3, 248635),
(7803, '8.31113', 0, 283, 2013, 0, 7, 3, 303800),
(7805, '8.31114', 0, 283, 2014, 0, 5, 3, 303801),
(7807, '8.31212-1', 0, 281, 2012, 0, 10, 3, 106138),
(7809, '8.31213', 0, 281, 2013, 0, 6, 3, 214197),
(7811, '8.31214', 0, 281, 2014, 0, 9, 3, 325273),
(7815, '8.31413', 0, 278, 2013, 0, 4, 3, 195641),
(7817, '8.31414', 0, 278, 2014, 0, 7, 3, 303791),
(7818, '8.32513-1', 0, 277, 2013, 0, 13, 3, 400388),
(7819, '8.32514', 0, 277, 2014, 0, 7, 3, 415214),
(7820, '8.33113', 0, 275, 2013, 0, 6, 3, 210696),
(7822, '8.33114', 0, 275, 2014, 0, 15, 3, 412134),
(7823, '8.3312', 0, 275, 2012, 0, 8, 3, 91711),
(7829, '8.33224', 0, 271, 2014, 0, 11, 3, 412144),
(7831, '8.34113-1', 0, 269, 2013, 0, 20, 3, 208648),
(7832, '8.34113-2', 0, 269, 2013, 0, 18, 3, 208649),
(7833, '8.34113-А', 0, 270, 2013, 0, 39, 3, 208659),
(7834, '8.34114-1', 0, 269, 2014, 0, 18, 3, 325290),
(7835, '8.34114-2', 0, 269, 2014, 0, 21, 3, 325291),
(7837, '8.34212-1', 0, 269, 2012, 0, 20, 3, 109426),
(7838, '8.34212-2', 0, 269, 2012, 0, 18, 3, 109427),
(7839, '8.34212-А', 0, 270, 2012, 0, 20, 3, 109434),
(7840, '8.34212-Б', 0, 270, 2012, 0, 20, 3, 109435),
(7841, '8.35212', 0, 268, 2012, 0, 8, 3, 102880),
(7843, '8.35213', 0, 268, 2013, 0, 7, 3, 211547),
(7845, '8.35214', 0, 268, 2014, 0, 6, 3, 427369),
(7846, '8.3522-1А', 0, 46, 2012, 0, 17, 3, 95103),
(7847, '8.3522-1ісп', 0, 43, 2012, 0, 4, 3, 95155),
(7848, '8.3522-1ф', 0, 20, 2012, 0, 5, 3, 95166),
(7849, '8.3523-А', 0, 46, 2013, 0, 18, 3, 212494),
(7850, '8.3523-ісп', 0, 43, 2013, 0, 2, 3, 212487),
(7851, '8.3523-Н', 0, 45, 2013, 0, 3, 3, 212489),
(7852, '8.3523-Ф', 0, 20, 2013, 0, 6, 3, 212507),
(7853, '8.35312', 0, 266, 2012, 0, 10, 3, 159050),
(7854, '8.35313', 0, 266, 2013, 0, 8, 3, 383881),
(7855, '8.35314', 0, 266, 2014, 0, 7, 3, 427424),
(7856, '8.3572-1а/п', 0, 41, 2012, 0, 9, 3, 95161),
(7857, '8.3572-1н/п', 0, 40, 2012, 0, 1, 3, 95160),
(7858, '8.3572-1ф/п', 0, 39, 2012, 0, 1, 3, 95153),
(7859, '8.3573-А/П', 0, 41, 2013, 0, 8, 3, 212517),
(7860, '8.3573-Н/П', 0, 40, 2013, 0, 1, 3, 212520),
(7861, '8.3573-Ф/П', 0, 39, 2013, 0, 2, 3, 212526),
(7862, '8.35812', 0, 265, 2012, 0, 19, 3, 102891),
(7864, '8.35813', 0, 265, 2013, 0, 20, 3, 211588),
(7866, '8.35814', 0, 265, 2014, 0, 16, 3, 427438),
(7869, '8.35913', 0, 262, 2013, 0, 16, 3, 211536),
(7871, '8.35914', 0, 262, 2014, 0, 11, 3, 427433),
(7873, '8.36114', 0, 261, 2014, 0, 3, 3, 328372),
(7875, '8.3612-1', 0, 261, 2012, 0, 8, 3, 255788),
(7876, '8.3612-1-6', 0, 260, 2012, 0, 10, 3, 256051),
(7877, '8.3612-4', 0, 5, 2012, 0, 15, 3, 255806),
(7878, '8.3612-4-6', 0, 258, 2012, 0, 15, 3, 256054),
(7879, '8.3612-6', 0, 228, 2012, 0, 9, 3, 255813),
(7880, '8.3612-7', 0, 256, 2012, 0, 10, 3, 255808),
(7881, '8.3612-7-6', 0, 257, 2012, 0, 14, 3, 256044),
(7882, '8.3613-1', 0, 261, 2013, 0, 6, 3, 325220),
(7883, '8.3613-1-6', 0, 260, 2013, 0, 5, 3, 320955),
(7884, '8.3613-4', 0, 5, 2013, 0, 10, 3, 325223),
(7885, '8.3613-4-6', 0, 258, 2013, 0, 13, 3, 320970),
(7886, '8.3613-6', 0, 228, 2013, 0, 18, 3, 325243),
(7887, '8.3613-7', 0, 256, 2013, 0, 2, 3, 325207),
(7888, '8.3613-7-6', 0, 257, 2013, 0, 8, 3, 320980),
(7889, '8.36144', 0, 5, 2014, 0, 10, 3, 328392),
(7891, '8.36174', 0, 256, 2014, 0, 3, 3, 328379),
(7893, '8.4111-1', 0, 254, 2012, 0, 3, 3, 100178),
(7894, '8.41113-1', 0, 254, 2013, 0, 4, 3, 208846),
(7896, '8.41114-1', 0, 254, 2014, 0, 7, 3, 404528),
(7899, '8.41213-1', 0, 253, 2013, 0, 11, 3, 208851),
(7901, '8.41214-1', 0, 253, 2014, 0, 12, 3, 404539),
(7902, '8.4122 -1', 0, 253, 2012, 0, 12, 3, 100182),
(7904, '8.41293-1', 0, 251, 2013, 0, 5, 3, 208854),
(7905, '8.41294-1', 0, 251, 2014, 0, 8, 3, 404551),
(7906, '8.41613-1', 0, 249, 2013, 0, 6, 3, 208859),
(7908, '8.41614-1', 0, 249, 2014, 0, 6, 3, 404638),
(7909, '8.4162 -1', 0, 249, 2012, 0, 5, 3, 100189),
(7911, '8.4192 -1', 0, 251, 2012, 0, 5, 3, 100194),
(7912, '8.42112-1', 0, 247, 2012, 0, 10, 3, 97772),
(7913, '8.42112-6', 0, 248, 2012, 0, 10, 3, 97795),
(7914, '8.42113-1', 0, 247, 2013, 0, 9, 3, 221047),
(7916, '8.42114', 0, 247, 2014, 0, 10, 3, 417743),
(7918, '8.42312', 0, 245, 2012, 0, 3, 3, 84048),
(7920, '8.42313', 0, 245, 2013, 0, 4, 3, 207882),
(7921, '8.42314', 0, 245, 2014, 0, 3, 3, 325006),
(7922, '8.42322', 0, 243, 2012, 0, 3, 3, 84049),
(7923, '8.42323', 0, 243, 2013, 0, 4, 3, 207883),
(7924, '8.42324', 0, 243, 2014, 0, 5, 3, 325003),
(7925, '8.42412', 0, 241, 2012, 0, 4, 3, 84050),
(7926, '8.42413', 0, 241, 2013, 0, 4, 3, 207885),
(7927, '8.42414', 0, 241, 2014, 0, 3, 3, 325005),
(7928, '8.43112-1', 0, 239, 2012, 0, 4, 3, 97773),
(7929, '8.43112-6', 0, 240, 2012, 0, 2, 3, 97796),
(7930, '8.43113-1', 0, 239, 2013, 0, 4, 3, 221049),
(7932, '8.43114', 0, 239, 2014, 0, 4, 3, 417752),
(7934, '8.43212-1', 0, 237, 2012, 0, 5, 3, 97774),
(7935, '8.43212-6', 0, 238, 2012, 0, 4, 3, 97797),
(7936, '8.43213-1', 0, 237, 2013, 0, 7, 3, 221052),
(7938, '8.43214', 0, 237, 2014, 0, 4, 3, 417756),
(7940, '8.51323-1', 0, 236, 2013, 0, 4, 3, 428227),
(7941, '8.51324', 0, 236, 2014, 0, 5, 3, 417760),
(7942, '8.91324-1', 0, 222, 2014, 0, 6, 3, 432138),
(7943, 'гр. 8.181141', 0, 229, 2012, 0, 23, 3, 129898),
(7946, ' 3613-1-6', 0, 142, 2013, 0, 7, 1, 325233),
(7948, '1160-1', 0, 176, 2010, 0, 29, 1, 203300),
(7950, '1161-1', 0, 176, 2011, 0, 23, 1, 325253),
(7952, '1162-1', 0, 176, 2012, 0, 21, 1, 325247),
(7955, '1163', 0, 176, 2013, 0, 15, 1, 325248),
(7957, '1164', 0, 176, 2014, 0, 20, 1, 325279),
(7961, '1169-1', 0, 176, 2009, 0, 18, 1, 97212),
(7963, '1210-1', 0, 174, 2010, 0, 29, 1, 204178),
(7965, '1211-1', 0, 174, 2011, 0, 24, 1, 325189),
(7967, '1211-2', 0, 174, 2011, 0, 17, 1, 325185),
(7969, '1212-1', 0, 174, 2012, 0, 26, 1, 325166),
(7971, '1212-2', 0, 174, 2012, 0, 15, 1, 433470),
(7973, '1213-1', 0, 174, 2013, 0, 27, 1, 325140),
(7974, '1213-2', 0, 174, 2013, 0, 29, 1, 325165),
(7976, '1214-1', 0, 174, 2014, 0, 26, 1, 406102),
(7977, '1214-2', 0, 174, 2014, 0, 26, 1, 406103),
(7980, '1219-1', 0, 174, 2009, 0, 26, 1, 95090),
(7982, '1220-1', 0, 172, 2010, 0, 29, 1, 204189),
(7985, '1221-1', 0, 172, 2011, 0, 17, 1, 325192),
(7987, '1222-1', 0, 172, 2012, 0, 30, 1, 325188),
(7989, '1223-1', 0, 172, 2013, 0, 19, 1, 325195),
(7990, '1223-2', 0, 172, 2013, 0, 19, 1, 325170),
(7991, '1224-1', 0, 172, 2014, 0, 32, 1, 406101),
(7993, '1229', 0, 172, 2009, 0, 15, 1, 95680),
(7995, '1230-1', 0, 170, 2010, 0, 24, 1, 204185),
(7997, '1231-1', 0, 170, 2011, 0, 21, 1, 325142),
(7999, '1232-1', 0, 170, 2012, 0, 27, 1, 325155),
(8001, '1233-1', 0, 170, 2013, 0, 20, 1, 325146),
(8002, '1233-2', 0, 170, 2013, 0, 17, 1, 325200),
(8004, '1234-1', 0, 170, 2014, 0, 23, 1, 406104),
(8005, '1234-2', 0, 170, 2014, 0, 20, 1, 406105),
(8008, '1239-1', 0, 170, 2009, 0, 19, 1, 95677),
(8011, '13120-1', 0, 128, 2010, 0, 25, 1, 147329),
(8013, '13121-1', 0, 128, 2011, 0, 17, 1, 303807),
(8015, '13122-1', 0, 128, 2012, 0, 23, 1, 303806),
(8017, '13123-1', 0, 128, 2013, 0, 17, 1, 303804),
(8019, '13124', 0, 128, 2014, 0, 20, 1, 303805),
(8021, '13129-1', 0, 128, 2009, 0, 16, 1, 92984),
(8023, '14130-1', 0, 126, 2010, 0, 24, 1, 204194),
(8025, '14130-2', 0, 126, 2010, 0, 20, 1, 204195),
(8026, '14131-1', 0, 126, 2011, 0, 17, 1, 325158),
(8028, '14132-1', 0, 126, 2012, 0, 22, 1, 325167),
(8029, '14132-2', 0, 126, 2012, 0, 19, 1, 325151),
(8031, '14133-1', 0, 126, 2013, 0, 18, 1, 325159),
(8032, '14133-2', 0, 126, 2013, 0, 20, 1, 325179),
(8034, '14134-1', 0, 126, 2014, 0, 26, 1, 406099),
(8035, '14134-2', 0, 126, 2014, 0, 26, 1, 406100),
(8038, '2179-1', 0, 126, 2009, 0, 14, 1, 95686),
(8040, '2179-2', 0, 126, 2009, 0, 19, 1, 95690),
(8042, '2210-1', 0, 168, 2010, 0, 15, 1, 203314),
(8043, '2211-1', 0, 168, 2011, 0, 15, 1, 325246),
(8044, '2212-1', 0, 168, 2012, 0, 15, 1, 325269),
(8045, '2213', 0, 168, 2013, 0, 14, 1, 325251),
(8046, '2214', 0, 168, 2014, 0, 16, 1, 325271),
(8047, '2219-1', 0, 168, 2009, 0, 14, 1, 96358),
(8048, '2313-1', 0, 167, 2013, 0, 3, 1, 303793),
(8049, '2314', 0, 167, 2014, 0, 12, 1, 303792),
(8050, '2320-1', 0, 166, 2010, 0, 18, 1, 215107),
(8051, '2320-2', 0, 166, 2010, 0, 16, 1, 215109),
(8053, '2321-1', 0, 166, 2011, 0, 18, 1, 317614),
(8054, '2321-2', 0, 166, 2011, 0, 18, 1, 317615),
(8056, '2322-1', 0, 166, 2012, 0, 19, 1, 317612),
(8057, '2322-2', 0, 166, 2012, 0, 20, 1, 317611),
(8059, '2323-1', 0, 166, 2013, 0, 19, 1, 317602),
(8060, '2323-2', 0, 166, 2013, 0, 19, 1, 317604),
(8062, '2324-1', 0, 166, 2014, 0, 31, 1, 415056),
(8063, '2324-2', 0, 166, 2014, 0, 28, 1, 415061),
(8066, '2329-1', 0, 166, 2009, 0, 17, 1, 97235),
(8067, '2329-2', 0, 166, 2009, 0, 16, 1, 97238),
(8074, '2332-1А', 0, 122, 2012, 0, 17, 1, 325386),
(8075, '2332-1А/П', 0, 359, 2012, 0, 27, 1, 325361),
(8077, '2332-1р', 0, 123, 2012, 0, 11, 1, 325339),
(8078, '2332-1у', 0, 124, 2012, 0, 20, 1, 325336),
(8079, '2332-2А', 0, 122, 2012, 0, 16, 1, 325399),
(8081, '2332-2у', 0, 124, 2012, 0, 18, 1, 325346),
(8082, '2332-3А', 0, 122, 2012, 0, 24, 1, 325352),
(8085, '2333-1А', 0, 122, 2013, 0, 24, 1, 325363),
(8086, '2333-1А/П', 0, 359, 2013, 0, 23, 1, 325408),
(8087, '2333-1пбП', 0, 114, 2013, 0, 8, 1, 325334),
(8088, '2333-1у', 0, 124, 2013, 0, 22, 1, 325340),
(8089, '2333-2А', 0, 122, 2013, 0, 25, 1, 325357),
(8090, '2333-2А/П', 0, 359, 2013, 0, 29, 1, 325371),
(8091, '2333-2у', 0, 124, 2013, 0, 21, 1, 325331),
(8092, '2333-3А', 0, 122, 2013, 0, 26, 1, 325362),
(8095, '2334-1а', 0, 122, 2014, 0, 26, 1, 400068),
(8096, '2334-1а/п', 0, 118, 2014, 0, 35, 1, 427792),
(8097, '2334-1ісп', 0, 119, 2014, 0, 23, 1, 400081),
(8098, '2334-1н', 0, 121, 2014, 0, 21, 1, 325424),
(8099, '2334-1н/п', 0, 117, 2014, 0, 12, 1, 400086),
(8100, '2334-1у', 0, 124, 2014, 0, 28, 1, 428449),
(8101, '2334-1ф', 0, 120, 2014, 0, 21, 1, 400078),
(8102, '2334-1ф/п', 0, 116, 2014, 0, 12, 1, 400088),
(8103, '2334-2а', 0, 122, 2014, 0, 25, 1, 400072),
(8104, '2334-2а/п', 0, 359, 2014, 0, 1, 1, 400082),
(8105, '2334-2у', 0, 124, 2014, 0, 29, 1, 428450),
(8106, '2334-3а', 0, 122, 2014, 0, 25, 1, 400076),
(8107, '2334-б/п', 0, 115, 2014, 0, 10, 1, 429124),
(8111, '2334-п/п', 0, 114, 2014, 0, 15, 1, 429123),
(8112, '2334-р', 0, 123, 2014, 0, 18, 1, 428454),
(8113, '3110-1', 0, 164, 2010, 0, 30, 1, 147330),
(8115, '3111-1', 0, 164, 2011, 0, 17, 1, 303798),
(8117, '3112-1', 0, 164, 2012, 0, 23, 1, 303797),
(8119, '3113-1', 0, 164, 2013, 0, 22, 1, 303796),
(8121, '3114', 0, 164, 2014, 0, 25, 1, 303795),
(8125, '3119-1', 0, 164, 2009, 0, 28, 1, 92983),
(8127, '3120-1', 0, 162, 2010, 0, 25, 1, 203269),
(8129, '3120-2', 0, 162, 2010, 0, 17, 1, 203272),
(8131, '3121-1', 0, 162, 2011, 0, 17, 1, 325260),
(8133, '3121-2', 0, 162, 2011, 0, 18, 1, 325252),
(8135, '3121-е', 0, 72, 2011, 0, 1, 1, 122281),
(8136, '3122-1', 0, 162, 2012, 0, 23, 1, 325254),
(8138, '3122-2', 0, 162, 2012, 0, 22, 1, 325262),
(8140, '3123-1', 0, 162, 2013, 0, 17, 1, 325281),
(8142, '3123-2', 0, 162, 2013, 0, 19, 1, 325255),
(8144, '3124-1', 0, 162, 2014, 0, 32, 1, 430016),
(8145, '3124-2', 0, 162, 2014, 0, 32, 1, 430025),
(8149, '3129-1', 0, 162, 2009, 0, 16, 1, 99875),
(8151, '3129-2', 0, 162, 2009, 0, 17, 1, 99879),
(8153, '3140-1', 0, 160, 2010, 0, 19, 1, 147332),
(8154, '3141-1', 0, 160, 2011, 0, 14, 1, 303789),
(8155, '3142-1', 0, 160, 2012, 0, 19, 1, 303788),
(8156, '3143-1', 0, 160, 2013, 0, 22, 1, 303787),
(8157, '3144', 0, 160, 2014, 0, 23, 1, 303786),
(8158, '3149-1', 0, 160, 2009, 0, 18, 1, 92985),
(8159, '3219-1', 0, 159, 2009, 0, 27, 1, 97242),
(8160, '3219-2', 0, 159, 2009, 0, 15, 1, 97243),
(8161, '3250-1', 0, 159, 2010, 0, 14, 1, 215110),
(8162, '3250-2', 0, 159, 2010, 0, 18, 1, 215111),
(8163, '3251-1', 0, 159, 2011, 0, 17, 1, 325112),
(8164, '3252-1', 0, 159, 2012, 0, 19, 1, 325131),
(8165, '3253-1', 0, 159, 2013, 0, 24, 1, 325114),
(8166, '3254-1', 0, 159, 2014, 0, 19, 1, 415064),
(8167, '3254-2', 0, 159, 2014, 0, 15, 1, 415065),
(8168, '3310-1', 0, 158, 2010, 0, 29, 1, 193590),
(8169, '3310-2', 0, 158, 2010, 0, 28, 1, 193591),
(8171, '3311-1', 0, 158, 2011, 0, 30, 1, 325517),
(8173, '3312-1', 0, 158, 2012, 0, 19, 1, 325524),
(8174, '3312-2', 0, 158, 2012, 0, 16, 1, 325527),
(8176, '3313-1', 0, 158, 2013, 0, 22, 1, 325507),
(8177, '3313-2', 0, 158, 2013, 0, 28, 1, 325515),
(8179, '3314-1', 0, 158, 2014, 0, 32, 1, 412077),
(8180, '3314-2', 0, 158, 2014, 0, 31, 1, 412080),
(8183, '3319-1', 0, 158, 2009, 0, 28, 1, 91729),
(8185, '3320-1', 0, 156, 2010, 0, 19, 1, 193596),
(8187, '3321-1', 0, 156, 2011, 0, 6, 1, 325511),
(8189, '3322-1', 0, 156, 2012, 0, 17, 1, 325513),
(8190, '3322-2', 0, 156, 2012, 0, 11, 1, 325522),
(8192, '3323-1', 0, 156, 2013, 0, 13, 1, 325530),
(8193, '3323-2', 0, 156, 2013, 0, 16, 1, 325496),
(8195, '3324-1', 0, 156, 2014, 0, 19, 1, 412119),
(8196, '3324-2', 0, 156, 2014, 0, 17, 1, 412124),
(8199, '3329-1', 0, 156, 2009, 0, 16, 1, 99871),
(8201, '3330-1', 0, 154, 2010, 0, 19, 1, 193599),
(8202, '3331-1', 0, 154, 2011, 0, 5, 1, 325514),
(8203, '3332-1', 0, 154, 2012, 0, 21, 1, 325500),
(8205, '3333-1', 0, 154, 2013, 0, 15, 1, 325521),
(8206, '3334', 0, 154, 2014, 0, 31, 1, 412127),
(8208, '3339-1', 0, 154, 2009, 0, 16, 1, 101009),
(8211, '3411-1', 0, 152, 2011, 0, 26, 1, 325292),
(8213, '3411-2', 0, 152, 2011, 0, 24, 1, 325308),
(8215, '3411-3', 0, 152, 2011, 0, 26, 1, 325313),
(8216, '3411-4', 0, 152, 2011, 0, 30, 1, 325315),
(8217, '3412-1', 0, 152, 2012, 0, 28, 1, 325295),
(8219, '3412-2', 0, 152, 2012, 0, 26, 1, 325288),
(8221, '3412-3', 0, 152, 2012, 0, 28, 1, 325312),
(8222, '3412-4', 0, 152, 2012, 0, 27, 1, 325311),
(8223, '3412-5', 0, 152, 2012, 0, 28, 1, 325298),
(8224, '3413-1', 0, 152, 2013, 0, 25, 1, 325310),
(8225, '3413-2', 0, 152, 2013, 0, 23, 1, 325297),
(8226, '3413-3', 0, 152, 2013, 0, 24, 1, 325321),
(8227, '3413-4', 0, 152, 2013, 0, 24, 1, 325287),
(8228, '3413-5', 0, 152, 2013, 0, 24, 1, 325316),
(8229, '3413-е', 0, 62, 2013, 0, 3, 1, 325285),
(8231, '3414-1', 0, 152, 2014, 0, 23, 1, 410091),
(8232, '3414-2', 0, 152, 2014, 0, 25, 1, 410092),
(8233, '3414-3', 0, 152, 2014, 0, 24, 1, 410093),
(8234, '3414-4', 0, 152, 2014, 0, 23, 1, 410094),
(8235, '3414-5', 0, 152, 2014, 0, 25, 1, 410096),
(8236, '3414-6', 0, 152, 2014, 0, 25, 1, 410097),
(8237, '3414-е', 0, 62, 2014, 0, 1, 1, 410087),
(8239, '3420-1', 0, 152, 2010, 0, 27, 1, 202044),
(8240, '3420-2', 0, 152, 2010, 0, 27, 1, 202045),
(8241, '3420-3', 0, 152, 2010, 0, 20, 1, 202047),
(8242, '3420-4', 0, 152, 2010, 0, 20, 1, 202048),
(8243, '3420-5', 0, 152, 2010, 0, 23, 1, 202049),
(8244, '3420-6', 0, 152, 2011, 0, 1, 1, 202050),
(8245, '3421-е', 0, 62, 2011, 0, 2, 1, 116567),
(8246, '3422-е', 0, 62, 2012, 0, 2, 1, 218431),
(8247, '3428-А', 0, 151, 2008, 0, 26, 1, 49230),
(8248, '3428-Б', 0, 151, 2008, 0, 27, 1, 49232),
(8249, '3428-В', 0, 151, 2008, 0, 29, 1, 49233),
(8250, '3428-Г', 0, 151, 2008, 0, 29, 1, 49236),
(8251, '3429-1', 0, 152, 2009, 0, 23, 1, 49216),
(8252, '3429-2', 0, 152, 2009, 0, 23, 1, 49218),
(8253, '3429-3', 0, 152, 2009, 0, 22, 1, 49219),
(8254, '3429-4', 0, 152, 2009, 0, 22, 1, 49221),
(8255, '3429-5', 0, 152, 2009, 0, 23, 1, 49223),
(8256, '3429-6', 0, 152, 2009, 0, 22, 1, 49226),
(8257, '3429-А', 0, 151, 2009, 0, 34, 1, 202031),
(8258, '3429-Б', 0, 151, 2009, 0, 39, 1, 202033),
(8259, '3520-1', 0, 150, 2010, 0, 21, 1, 158994),
(8260, '3521-1', 0, 150, 2011, 0, 15, 1, 383876),
(8261, '3522-1', 0, 150, 2012, 0, 22, 1, 383873),
(8262, '3523-1', 0, 150, 2013, 0, 21, 1, 383363),
(8263, '3524', 0, 150, 2014, 0, 28, 1, 407369),
(8264, '3529-1', 0, 150, 2009, 0, 20, 1, 98648),
(8265, '3530-1', 0, 149, 2010, 0, 25, 1, 158988),
(8266, '3531-1', 0, 149, 2011, 0, 18, 1, 426343),
(8267, '3532-1', 0, 149, 2012, 0, 24, 1, 426573),
(8268, '3533-1', 0, 149, 2013, 0, 28, 1, 398478),
(8269, '3534', 0, 149, 2014, 0, 29, 1, 427576),
(8270, '3539-1', 0, 149, 2009, 0, 27, 1, 98645),
(8271, '3551-1', 0, 148, 2011, 0, 7, 1, 426410),
(8272, '3552-1', 0, 148, 2012, 0, 20, 1, 426436),
(8273, '3553', 0, 148, 2013, 0, 20, 1, 325568),
(8274, '3554', 0, 148, 2014, 0, 26, 1, 407365),
(8275, '3573-1', 0, 147, 2013, 0, 5, 1, 325533),
(8276, '3574', 0, 147, 2014, 0, 21, 1, 426307),
(8277, '3580-1', 0, 146, 2010, 0, 22, 1, 159047),
(8278, '3580-2', 0, 146, 2010, 0, 22, 1, 159048),
(8280, '3581-1', 0, 146, 2011, 0, 24, 1, 426378),
(8281, '3581-2', 0, 146, 2011, 0, 23, 1, 384335),
(8283, '3582-1', 0, 146, 2012, 0, 27, 1, 426577),
(8284, '3582-2', 0, 146, 2012, 0, 27, 1, 426578),
(8286, '3583-1', 0, 146, 2013, 0, 25, 1, 426592),
(8287, '3583-2', 0, 146, 2013, 0, 21, 1, 428789),
(8289, '3584-1', 0, 146, 2014, 0, 31, 1, 411373),
(8290, '3584-2', 0, 146, 2014, 0, 31, 1, 426156),
(8293, '3589-1', 0, 146, 2009, 0, 17, 1, 98077),
(8294, '3589-2', 0, 146, 2009, 0, 19, 1, 98646),
(8296, '3590-1', 0, 144, 2010, 0, 17, 1, 158999),
(8297, '3590-2', 0, 144, 2010, 0, 18, 1, 159001),
(8299, '3591-1', 0, 144, 2011, 0, 23, 1, 426359),
(8301, '3591-2', 0, 144, 2011, 0, 22, 1, 414817),
(8303, '3592-1', 0, 144, 2012, 0, 19, 1, 384279),
(8304, '3592-2', 0, 144, 2012, 0, 17, 1, 426420),
(8306, '3593-1', 0, 144, 2013, 0, 21, 1, 428814),
(8308, '3594-1', 0, 144, 2014, 0, 19, 1, 427653),
(8309, '3594-2', 0, 144, 2014, 0, 19, 1, 407360),
(8313, '3599-1', 0, 144, 2009, 0, 19, 1, 95685),
(8314, '3599-2', 0, 144, 2009, 0, 19, 1, 97643),
(8316, '3610-1-1', 0, 2, 2010, 0, 28, 1, 168675),
(8317, '3610-1-6', 0, 142, 2010, 0, 34, 1, 325216),
(8318, '3610-2-1', 0, 2, 2010, 0, 19, 1, 168692),
(8319, '3610-2-6', 0, 142, 2010, 0, 7, 1, 325237),
(8320, '3610-3-1', 0, 2, 2010, 0, 5, 1, 168702),
(8321, '3610-3-6', 0, 142, 2010, 0, 1, 1, 325239),
(8322, '3611-1-1', 0, 2, 2011, 0, 17, 1, 325242),
(8323, '3611-1-6', 0, 142, 2011, 0, 41, 1, 325225),
(8324, '3611-2-1', 0, 2, 2011, 0, 15, 1, 325204),
(8325, '3611-2-6', 0, 142, 2011, 0, 9, 1, 325230),
(8326, '3611-3-1', 0, 2, 2011, 0, 9, 1, 325226),
(8327, '3612-1-1', 0, 2, 2012, 0, 29, 1, 325203),
(8328, '3612-1-6', 0, 142, 2012, 0, 35, 1, 325210),
(8329, '3612-2-1', 0, 2, 2012, 0, 37, 1, 325228),
(8330, '3612-2-6', 0, 142, 2012, 0, 7, 1, 419869),
(8331, '3612-3-1', 0, 2, 2012, 0, 10, 1, 325222),
(8332, '3612-3-6', 0, 142, 2012, 0, 6, 1, 325241),
(8333, '3613-1-1', 0, 2, 2013, 0, 18, 1, 325232),
(8334, '3613-2-1', 0, 2, 2013, 0, 18, 1, 325212),
(8335, '3613-3-1', 0, 2, 2013, 0, 3, 1, 325219),
(8336, '3614-1', 0, 2, 2014, 0, 14, 1, 328329),
(8337, '3614-2', 0, 2, 2014, 0, 42, 1, 400485),
(8338, '3614-3', 0, 2, 2014, 0, 8, 1, 420435),
(8340, '3618-1-6', 0, 142, 2008, 0, 45, 1, 98973),
(8341, '3618-2-6', 0, 142, 2008, 0, 15, 1, 98970),
(8342, '3619-1-1', 0, 2, 2009, 0, 19, 1, 98952),
(8343, '3619-1-6', 0, 142, 2009, 0, 37, 1, 168880),
(8344, '3619-2-1', 0, 2, 2009, 0, 19, 1, 98965),
(8345, '3619-2-2', 0, 2, 2009, 0, 24, 1, 98966),
(8346, '3619-2-6', 0, 142, 2009, 0, 14, 1, 168882),
(8347, '3619-3-1', 0, 2, 2009, 0, 13, 1, 98967),
(8348, '3619-3-6', 0, 142, 2009, 0, 4, 1, 168884),
(8349, '4110-1', 0, 141, 2010, 0, 17, 1, 222830),
(8350, '4111-1', 0, 141, 2011, 0, 16, 1, 360360),
(8351, '4112-1', 0, 141, 2012, 0, 16, 1, 325063),
(8352, '4113-1', 0, 141, 2013, 0, 19, 1, 325062),
(8353, '4114-1', 0, 141, 2014, 0, 24, 1, 401172),
(8354, '4119-1', 0, 141, 2009, 0, 15, 1, 100355),
(8355, '4120-1', 0, 140, 2010, 0, 18, 1, 222769),
(8357, '4120-2', 0, 140, 2010, 0, 18, 1, 222775),
(8360, '4121-1', 0, 140, 2011, 0, 26, 1, 325024),
(8363, '4122-1', 0, 140, 2012, 0, 26, 1, 325050),
(8365, '4122-2', 0, 140, 2012, 0, 27, 1, 325046),
(8367, '4123-1', 0, 140, 2013, 0, 27, 1, 325061),
(8369, '4123-2', 0, 140, 2013, 0, 29, 1, 325031),
(8371, '4124-1', 0, 140, 2014, 0, 34, 1, 401146),
(8373, '4124-2', 0, 140, 2014, 0, 27, 1, 401158),
(8377, '4129-1', 0, 140, 2009, 0, 22, 1, 100358),
(8379, '4129-2', 0, 140, 2009, 0, 19, 1, 100360),
(8382, '4160-1', 0, 138, 2010, 0, 24, 1, 222846),
(8383, '4161-1', 0, 138, 2011, 0, 19, 1, 325039),
(8384, '4162-1', 0, 138, 2012, 0, 20, 1, 325045),
(8385, '4163-1', 0, 138, 2013, 0, 23, 1, 325035),
(8386, '4164-1', 0, 138, 2014, 0, 21, 1, 401179),
(8387, '4169-1', 0, 138, 2009, 0, 26, 1, 100365),
(8388, '4210-1', 0, 137, 2010, 0, 18, 1, 208916),
(8389, '4210-2', 0, 137, 2010, 0, 17, 1, 208941),
(8391, '4211-1', 0, 137, 2011, 0, 15, 1, 363109),
(8393, '4212-1', 0, 137, 2012, 0, 32, 1, 363094),
(8395, '4213-1', 0, 137, 2013, 0, 15, 1, 363068),
(8396, '4213-2', 0, 137, 2013, 0, 18, 1, 363079),
(8398, '4214-1', 0, 137, 2014, 0, 19, 1, 417025),
(8399, '4214-2', 0, 137, 2014, 0, 18, 1, 417027),
(8401, '4218-6', 0, 136, 2008, 0, 13, 1, 97880),
(8402, '4219-1', 0, 137, 2009, 0, 30, 1, 97855),
(8404, '4230-1', 0, 135, 2010, 0, 27, 1, 155518),
(8405, '4231-1', 0, 135, 2011, 0, 13, 1, 325002),
(8406, '4232-1', 0, 135, 2012, 0, 19, 1, 325014),
(8407, '4233-1', 0, 135, 2013, 0, 14, 1, 325012),
(8408, '4233-2', 0, 135, 2013, 0, 16, 1, 325010),
(8409, '4234', 0, 135, 2014, 0, 27, 1, 399771),
(8412, '4239-1', 0, 135, 2009, 0, 23, 1, 83410),
(8413, '4240-1', 0, 134, 2010, 0, 15, 1, 155525),
(8414, '4241-1', 0, 134, 2011, 0, 8, 1, 325017),
(8415, '4242-1', 0, 134, 2012, 0, 18, 1, 325008),
(8416, '4243-1', 0, 134, 2013, 0, 17, 1, 325013),
(8417, '4244', 0, 134, 2014, 0, 20, 1, 399772),
(8418, '4249-1', 0, 134, 2009, 0, 14, 1, 83407),
(8419, '4310-1', 0, 133, 2010, 0, 14, 1, 208976),
(8420, '4311-1', 0, 133, 2011, 0, 11, 1, 363142),
(8421, '4312-1', 0, 133, 2012, 0, 13, 1, 363140),
(8422, '4313-1', 0, 133, 2013, 0, 15, 1, 363137),
(8423, '4314', 0, 133, 2014, 0, 16, 1, 417029),
(8424, '4319-1', 0, 133, 2009, 0, 12, 1, 97859),
(8425, '4320-1', 0, 132, 2010, 0, 14, 1, 208984),
(8427, '4321-1', 0, 132, 2011, 0, 9, 1, 363147),
(8429, '4322-1', 0, 132, 2012, 0, 13, 1, 363145),
(8431, '4323-1', 0, 132, 2013, 0, 17, 1, 363144),
(8433, '4324', 0, 132, 2014, 0, 13, 1, 417034),
(8435, '4328-6', 0, 131, 2008, 0, 13, 1, 97883),
(8436, '4329-1', 0, 132, 2009, 0, 17, 1, 97861),
(8438, '5130-1', 0, 1, 2010, 0, 11, 1, 208997),
(8439, '5131-1', 0, 1, 2011, 0, 23, 1, 363221),
(8440, '5132-1', 0, 1, 2012, 0, 32, 1, 363213),
(8441, '5133-1', 0, 1, 2013, 0, 24, 1, 363209),
(8442, '5134', 0, 1, 2014, 0, 23, 1, 417041),
(8443, '5139-1', 0, 1, 2009, 0, 5, 1, 97863),
(8444, '9130-1', 0, 130, 2010, 0, 9, 1, 222868),
(8445, '9131-1', 0, 130, 2011, 0, 7, 1, 325021),
(8447, '9132-1', 0, 130, 2012, 0, 11, 1, 325057),
(8449, '9133-1', 0, 130, 2013, 0, 14, 1, 325026),
(8451, '9134-1', 0, 130, 2014, 0, 9, 1, 401193),
(8453, '9139-1', 0, 130, 2009, 0, 5, 1, 100371),
(8454, 'Економ-екстерн', 0, 68, 2012, 0, 1, 1, 128538),
(8455, 'Екстернат - Бакалавр', 0, 83, 2012, 0, 1, 1, 126541),
(8456, '5131-1(1)', 1, 1, 2011, 8439, 10, 1, 0),
(8457, '5131-1(2)', 1, 1, 2011, 8439, 13, 1, 0),
(8458, '4123-1а', 1, 140, 2013, 8367, 20, 1, 0),
(8459, '4123-1б', 1, 140, 2013, 8367, 15, 1, 0);

-- --------------------------------------------------------

--
-- Структура таблицы `housing`
--

CREATE TABLE IF NOT EXISTS `housing` (
  `housing_id` tinyint(1) NOT NULL AUTO_INCREMENT,
  `name` varchar(100) NOT NULL,
  PRIMARY KEY (`housing_id`)
) ENGINE=InnoDB  DEFAULT CHARSET=utf8 AUTO_INCREMENT=9 ;

--
-- Дамп данных таблицы `housing`
--

INSERT INTO `housing` (`housing_id`, `name`) VALUES
(1, 'I корпус'),
(2, 'II корпус'),
(3, 'III корпус'),
(4, 'IV корпус'),
(5, 'V корпус'),
(6, 'VI корпус'),
(7, 'Спортивний комплекс'),
(8, 'VIII корпус');

-- --------------------------------------------------------

--
-- Структура таблицы `lessons`
--

CREATE TABLE IF NOT EXISTS `lessons` (
  `lesson_id` int(6) NOT NULL AUTO_INCREMENT,
  `id_group` int(5) NOT NULL,
  `id_faculty` int(10) NOT NULL,
  `id_speciality` int(4) NOT NULL,
  `course` int(1) NOT NULL,
  `semester` int(1) NOT NULL,
  `id_okr` tinyint(1) NOT NULL,
  `is_numerator` tinyint(1) NOT NULL,
  `id_discipline` int(5) NOT NULL,
  `id_teacher` int(4) NOT NULL,
  `id_classroom` int(4) NOT NULL,
  `day` int(1) NOT NULL,
  `is_holiday` tinyint(1) NOT NULL,
  `all_group` tinyint(1) NOT NULL,
  `all_speciality` tinyint(1) NOT NULL,
  `lesson_number` int(1) NOT NULL,
  PRIMARY KEY (`lesson_id`),
  KEY `id_group` (`id_group`),
  KEY `id_faculty` (`id_faculty`),
  KEY `id_speciality` (`id_speciality`),
  KEY `id_okr` (`id_okr`),
  KEY `id_discipline` (`id_discipline`),
  KEY `id_teacher` (`id_teacher`),
  KEY `id_classroom` (`id_classroom`),
  KEY `all_group` (`all_group`),
  KEY `all_speciality` (`all_speciality`)
) ENGINE=InnoDB  DEFAULT CHARSET=utf8 AUTO_INCREMENT=37 ;

--
-- Дамп данных таблицы `lessons`
--

INSERT INTO `lessons` (`lesson_id`, `id_group`, `id_faculty`, `id_speciality`, `course`, `semester`, `id_okr`, `is_numerator`, `id_discipline`, `id_teacher`, `id_classroom`, `day`, `is_holiday`, `all_group`, `all_speciality`, `lesson_number`) VALUES
(1, 8324, 5, 2, 4, 2, 1, 0, 6, 152, 173, 1, 0, 0, 0, 4),
(2, 8324, 5, 2, 4, 2, 1, 1, 7, 160, 172, 1, 0, 0, 0, 5),
(3, 8324, 5, 2, 4, 2, 1, 0, 7, 160, 172, 1, 0, 0, 0, 5),
(4, 8324, 5, 2, 4, 2, 1, 0, 8, 133, 166, 1, 0, 0, 0, 6),
(5, 8324, 5, 2, 4, 2, 1, 1, 8, 133, 166, 1, 0, 0, 0, 6),
(6, 8324, 5, 2, 4, 2, 1, 0, 11, 133, 166, 1, 0, 0, 0, 7),
(7, 8324, 5, 2, 4, 2, 1, 1, 9, 351, 161, 2, 0, 0, 0, 4),
(8, 8324, 5, 2, 4, 2, 1, 0, 9, 351, 161, 2, 0, 0, 0, 4),
(9, 8324, 5, 2, 4, 2, 1, 1, 10, 65, 169, 2, 0, 0, 0, 5),
(10, 8324, 5, 2, 4, 2, 1, 0, 13, 65, 169, 2, 0, 0, 0, 5),
(11, 8324, 5, 2, 4, 2, 1, 1, 28, 333, 169, 2, 0, 0, 0, 6),
(12, 8324, 5, 2, 4, 2, 1, 0, 14, 333, 169, 2, 0, 0, 0, 6),
(14, 8324, 5, 2, 4, 2, 1, 1, 16, 602, 175, 3, 0, 0, 0, 4),
(15, 8324, 5, 2, 4, 2, 1, 1, 7, 160, 53, 3, 0, 0, 0, 5),
(16, 8324, 5, 2, 4, 2, 1, 1, 7, 10, 53, 3, 0, 0, 0, 5),
(17, 8324, 5, 2, 4, 2, 1, 0, 7, 160, 53, 3, 0, 0, 0, 5),
(23, 8324, 5, 2, 4, 2, 1, 1, 18, 470, 170, 4, 0, 0, 0, 4),
(24, 8324, 5, 2, 4, 2, 1, 0, 18, 470, 170, 4, 0, 0, 0, 4),
(25, 8324, 5, 2, 4, 2, 1, 1, 7, 160, 172, 4, 0, 0, 0, 5),
(26, 8324, 5, 2, 4, 2, 1, 0, 7, 160, 172, 4, 0, 0, 0, 5),
(27, 8324, 5, 2, 4, 2, 1, 1, 20, 478, 174, 4, 0, 0, 0, 6),
(28, 8324, 5, 2, 4, 2, 1, 1, 21, 478, 174, 4, 0, 0, 0, 7),
(29, 8324, 5, 2, 4, 2, 1, 1, 30, 28, 174, 5, 0, 0, 0, 4),
(30, 8324, 5, 2, 4, 2, 1, 0, 23, 65, 174, 5, 0, 0, 0, 4),
(31, 8324, 5, 2, 4, 2, 1, 1, 24, 28, 174, 5, 0, 0, 0, 5),
(32, 8324, 5, 2, 4, 2, 1, 0, 25, 65, 170, 5, 0, 0, 0, 5),
(33, 8324, 5, 2, 4, 2, 1, 1, 26, 230, 174, 5, 0, 0, 0, 6),
(34, 8324, 5, 2, 4, 2, 1, 1, 27, 230, 174, 5, 0, 0, 0, 7),
(35, 8324, 5, 2, 4, 2, 1, 1, 17, 152, 174, 3, 0, 0, 0, 6),
(36, 8324, 5, 2, 4, 2, 1, 0, 17, 152, 174, 3, 0, 0, 0, 6);

-- --------------------------------------------------------

--
-- Структура таблицы `lessons_type`
--

CREATE TABLE IF NOT EXISTS `lessons_type` (
  `id` tinyint(2) NOT NULL AUTO_INCREMENT,
  `lesson_type_name` varchar(100) NOT NULL,
  PRIMARY KEY (`id`)
) ENGINE=InnoDB  DEFAULT CHARSET=utf8 AUTO_INCREMENT=5 ;

--
-- Дамп данных таблицы `lessons_type`
--

INSERT INTO `lessons_type` (`id`, `lesson_type_name`) VALUES
(1, 'Лекція'),
(2, 'Лабораторна робота'),
(3, 'Практичне заняття'),
(4, 'Семінарське заняття');

-- --------------------------------------------------------

--
-- Структура таблицы `lesson_time`
--

CREATE TABLE IF NOT EXISTS `lesson_time` (
  `lesson_time_id` int(1) NOT NULL AUTO_INCREMENT,
  `lesson_time_name` varchar(20) NOT NULL,
  `begin_time` varchar(5) NOT NULL,
  `end_time` varchar(5) NOT NULL,
  PRIMARY KEY (`lesson_time_id`)
) ENGINE=InnoDB  DEFAULT CHARSET=utf8 AUTO_INCREMENT=9 ;

--
-- Дамп данных таблицы `lesson_time`
--

INSERT INTO `lesson_time` (`lesson_time_id`, `lesson_time_name`, `begin_time`, `end_time`) VALUES
(1, '1 пара', '08:00', '09:20'),
(2, '2 пара', '09:35', '10:55'),
(3, '3 пара', '11:25', '12:45'),
(4, '4 пара', '12:55', '14:15'),
(5, '5 пара', '14:30', '15:50'),
(6, '6 пара', '16:05', '17:25'),
(7, '7 пара', '17:40', '19:00'),
(8, '8 пара', '19:10', '20:30');

-- --------------------------------------------------------

--
-- Структура таблицы `okr`
--

CREATE TABLE IF NOT EXISTS `okr` (
  `okr_id` tinyint(1) NOT NULL AUTO_INCREMENT,
  `okr_name` varchar(100) NOT NULL,
  PRIMARY KEY (`okr_id`)
) ENGINE=InnoDB  DEFAULT CHARSET=utf8 AUTO_INCREMENT=4 ;

--
-- Дамп данных таблицы `okr`
--

INSERT INTO `okr` (`okr_id`, `okr_name`) VALUES
(1, 'Бакалавр'),
(2, 'Спеціаліст'),
(3, 'Магістр\r\n');

-- --------------------------------------------------------

--
-- Структура таблицы `speciality`
--

CREATE TABLE IF NOT EXISTS `speciality` (
  `speciality_id` int(4) NOT NULL AUTO_INCREMENT,
  `speciality_name` varchar(100) CHARACTER SET utf8 COLLATE utf8_unicode_ci NOT NULL,
  `id_edebo` int(10) NOT NULL,
  `id_cathedra` int(3) NOT NULL,
  `id_faculty` int(10) NOT NULL,
  `QualificationName` varchar(255) CHARACTER SET utf8 COLLATE utf8_unicode_ci DEFAULT NULL COMMENT 'ОКР відповідно до ЄДЕБО',
  PRIMARY KEY (`speciality_id`),
  KEY `id_cathedra` (`id_cathedra`),
  KEY `id_faculty` (`id_faculty`)
) ENGINE=InnoDB  DEFAULT CHARSET=utf8 AUTO_INCREMENT=360 ;

--
-- Дамп данных таблицы `speciality`
--

INSERT INTO `speciality` (`speciality_id`, `speciality_name`, `id_edebo`, `id_cathedra`, `id_faculty`, `QualificationName`) VALUES
(1, '6.050103 програмна інженерія  / Денна', 153676, 23, 1, 'Бакалавр (4 р. 00 м.)'),
(2, '6.030601 менеджмент  / Денна', 153663, 5, 5, 'Бакалавр (4 р. 00 м.)'),
(5, '8.03060104 менеджмент зовнішньоекономічної діяльності  / Денна', 193297, 0, 5, 'Магістр (1 р. 06 м.) (Додаткове зарахування)'),
(20, '8.02030302 мова і література (французька) / Денна', 184651, 0, 7, 'Магістр (1 р. 00 м.)'),
(26, '7.02030304 переклад (переклад (англійська)) / Денна', 162868, 0, 7, 'Спеціаліст (1 р. 00 м.)'),
(27, '7.02030304 переклад (переклад (французька)) / Денна', 162867, 0, 7, 'Спеціаліст (1 р. 00 м.)'),
(28, '7.02030304 переклад (переклад (німецька)) / Денна', 162864, 0, 7, 'Спеціаліст (1 р. 00 м.)'),
(29, '7.02030302 мова і література (іспанська мова) / Денна', 162858, 0, 7, 'Спеціаліст (1 р. 00 м.)'),
(30, '7.02030302 мова і література (французька) / Денна', 162853, 0, 7, 'Спеціаліст (1 р. 00 м.)'),
(31, '7.02030302 мова і література (німецька) / Денна', 162852, 0, 7, 'Спеціаліст (1 р. 00 м.)'),
(32, '7.02030302 мова і література (англійська) / Денна', 162851, 0, 7, 'Спеціаліст (1 р. 00 м.)'),
(37, '7.02030302 мова і література (російська) / Денна', 162844, 0, 10, 'Спеціаліст (1 р. 00 м.)'),
(39, '8.02030304 переклад (переклад (французька)) / Денна', 162822, 0, 7, 'Магістр (1 р. 00 м.)'),
(40, '8.02030304 переклад (переклад (німецька)) / Денна', 162820, 0, 7, 'Магістр (1 р. 00 м.)'),
(41, '8.02030304 переклад (переклад (англійська)) / Денна', 162818, 0, 7, 'Магістр (1 р. 00 м.)'),
(43, '8.02030302 мова і література (іспанська) / Денна', 162809, 0, 7, 'Магістр (1 р. 00 м.)'),
(45, '8.02030302 мова і література (німецька) / Денна', 162716, 0, 7, 'Магістр (1 р. 00 м.)'),
(46, '8.02030302 мова і література (англійська) / Денна', 162715, 0, 7, 'Магістр (1 р. 00 м.)'),
(52, '8.02030302 мова і література (російська) / Денна', 162702, 0, 10, 'Магістр (1 р. 00 м.)'),
(54, '6.140103 туризм  / Екстернат', 159900, 0, 9, 'Бакалавр (2 р. 00 м.)'),
(55, '6.040301 прикладна математика  / Екстернат', 159898, 0, 1, 'Бакалавр (2 р. 00 м.)'),
(56, '6.040302 інформатика  / Екстернат', 159895, 0, 1, 'Бакалавр (2 р. 00 м.)'),
(57, '6.040201 математика  / Екстернат', 159892, 0, 1, 'Бакалавр (2 р. 00 м.)'),
(58, '6.040106 екологія, охорона навколишнього середовища та збалансоване природокористування  / Екстернат', 159888, 0, 3, 'Бакалавр (2 р. 00 м.)'),
(59, '6.040102 біологія  / Екстернат', 159881, 0, 3, 'Бакалавр (2 р. 00 м.)'),
(60, '6.040203 фізика (фізика конденсованого стану) / Екстернат', 159868, 0, 2, 'Бакалавр (2 р. 00 м.)'),
(61, '6.040203 фізика  / Екстернат', 159846, 0, 2, 'Бакалавр (2 р. 00 м.)'),
(62, '6.030401 правознавство   / Екстернат', 159840, 0, 12, 'Бакалавр (2 р. 00 м.)'),
(63, '6.030601 менеджмент (логістика) / Екстернат', 159825, 0, 5, 'Бакалавр (2 р. 00 м.)'),
(64, '6.030601 менеджмент (менеджмент зовнішньоекономічної діяльності) / Екстернат', 159821, 0, 5, 'Бакалавр (2 р. 00 м.)'),
(65, '6.030601 менеджмент (менеджмент організацій і адміністрування) / Екстернат', 159815, 0, 5, 'Бакалавр (2 р. 00 м.)'),
(66, '6.030509 облік і аудит  / Екстернат', 159809, 0, 6, 'Бакалавр (2 р. 00 м.)'),
(67, '6.030508 фінанси і кредит  / Екстернат', 159781, 0, 6, 'Бакалавр (2 р. 00 м.)'),
(68, '6.030502 економічна кібернетика  / Екстернат', 159774, 0, 6, 'Бакалавр (2 р. 00 м.)'),
(69, '6.030104 політологія  / Екстернат', 159764, 0, 13, 'Бакалавр (2 р. 00 м.)'),
(70, '6.130102 соціальна робота  / Екстернат', 159755, 0, 13, 'Бакалавр (2 р. 00 м.)'),
(71, '6.030101 соціологія  / Екстернат', 159741, 0, 13, 'Бакалавр (2 р. 00 м.)'),
(72, '6.030102 психологія  / Екстернат', 159739, 0, 8, 'Бакалавр (2 р. 00 м.)'),
(73, '6.020303 філологія (переклад: переклад (французька)) / Екстернат', 159720, 0, 7, 'Бакалавр (2 р. 00 м.)'),
(74, '6.020303 філологія (переклад: переклад (німецька)) / Екстернат', 159716, 0, 7, 'Бакалавр (2 р. 00 м.)'),
(75, '6.020303 філологія (переклад: переклад (англійська)) / Екстернат', 159713, 0, 7, 'Бакалавр (2 р. 00 м.)'),
(76, '6.020303 філологія (мова і література: іспанська) / Екстернат', 159695, 0, 7, 'Бакалавр (2 р. 00 м.)'),
(77, '6.020303 філологія (мова і література: французька) / Екстернат', 159686, 0, 7, 'Бакалавр (2 р. 00 м.)'),
(78, '6.020303 філологія (мова і література: німецька) / Екстернат', 159681, 0, 7, 'Бакалавр (2 р. 00 м.)'),
(79, '6.020303 філологія (мова і література: англійська) / Екстернат', 159679, 0, 7, 'Бакалавр (2 р. 00 м.)'),
(80, '6.020303 філологія (мова і література: російська) / Екстернат', 159392, 0, 10, 'Бакалавр (2 р. 00 м.)'),
(81, '6.020303 філологія (українська мова і література) / Екстернат', 159387, 0, 10, 'Бакалавр (2 р. 00 м.)'),
(82, '6.020302 історія (архівознавство) / Екстернат', 159386, 0, 4, 'Бакалавр (2 р. 00 м.)'),
(83, '6.020302 історія  / Екстернат', 159382, 0, 4, 'Бакалавр (2 р. 00 м.)'),
(84, '6.030303 видавнича справа та редагування  / Екстернат', 159377, 0, 11, 'Бакалавр (2 р. 00 м.)'),
(85, '6.030301 журналістика  / Екстернат', 159363, 0, 11, 'Бакалавр (2 р. 00 м.)'),
(86, '6.010202 спорт  / Екстернат', 159358, 0, 9, 'Бакалавр (2 р. 00 м.)'),
(87, '6.010203 здоров’я людини  / Екстернат', 159296, 0, 9, 'Бакалавр (2 р. 00 м.)'),
(88, '6.010201 фізичне виховання  / Екстернат', 159290, 0, 9, 'Бакалавр (2 р. 00 м.)'),
(89, '6.010106 соціальна педагогіка  / Екстернат', 159289, 0, 8, 'Бакалавр (2 р. 00 м.)'),
(114, '6.020303 філологія (переклад: українська, російська, польська мови) / Денна', 154108, 0, 10, 'Бакалавр (4 р. 00 м.)'),
(115, '6.020303 філологія (переклад: українська, російська, болгарська мови) / Денна', 153976, 0, 10, 'Бакалавр (4 р. 00 м.)'),
(116, '6.020303 філологія (переклад: переклад (французька)) / Денна', 153957, 0, 7, 'Бакалавр (4 р. 00 м.)'),
(117, '6.020303 філологія (переклад: переклад (німецька)) / Денна', 153956, 0, 7, 'Бакалавр (4 р. 00 м.)'),
(118, '6.020303 філологія (переклад: переклад (англійська)) / Денна', 153952, 0, 7, 'Бакалавр (4 р. 00 м.)'),
(119, '6.020303 філологія (мова і література: іспанська) / Денна', 153928, 0, 7, 'Бакалавр (4 р. 00 м.)'),
(120, '6.020303 філологія (мова і література: французька) / Денна', 153922, 0, 7, 'Бакалавр (4 р. 00 м.)'),
(121, '6.020303 філологія (мова і література: німецька) / Денна', 153908, 0, 7, 'Бакалавр (4 р. 00 м.)'),
(122, '6.020303 філологія (мова і література: англійська) / Денна', 153901, 0, 7, 'Бакалавр (4 р. 00 м.)'),
(123, '6.020303 філологія (мова і література: російська) / Денна', 153877, 0, 10, 'Бакалавр (4 р. 00 м.)'),
(124, '6.020303 філологія (українська мова і література) / Денна', 153871, 0, 10, 'Бакалавр (4 р. 00 м.)'),
(126, '6.140103 туризм  / Денна', 153681, 0, 9, 'Бакалавр (4 р. 00 м.)'),
(128, '6.130102 соціальна робота  / Денна', 153679, 0, 13, 'Бакалавр (4 р. 00 м.)'),
(130, '6.090103 лісове і садово-паркове господарство  / Денна', 153677, 0, 3, 'Бакалавр (4 р. 00 м.)'),
(132, '6.040302 інформатика  / Денна', 153674, 0, 1, 'Бакалавр (4 р. 00 м.)'),
(133, '6.040301 прикладна математика  / Денна', 153673, 0, 1, 'Бакалавр (4 р. 00 м.)'),
(134, '6.040204 прикладна фізика  / Денна', 153672, 0, 2, 'Бакалавр (4 р. 00 м.)'),
(135, '6.040203 фізика  / Денна', 153671, 0, 2, 'Бакалавр (4 р. 00 м.)'),
(137, '6.040201 математика  / Денна', 153669, 0, 1, 'Бакалавр (4 р. 00 м.)'),
(138, '6.040106 екологія, охорона навколишнього середовища та збалансоване природокористування  / Денна', 153668, 0, 3, 'Бакалавр (4 р. 00 м.)'),
(140, '6.040102 біологія  / Денна', 153666, 0, 3, 'Бакалавр (4 р. 00 м.)'),
(141, '6.040101 хімія  / Денна', 153665, 0, 3, 'Бакалавр (4 р. 00 м.)'),
(144, '6.030509 облік і аудит  / Денна', 153661, 0, 6, 'Бакалавр (4 р. 00 м.)'),
(146, '6.030508 фінанси і кредит  / Денна', 153659, 0, 6, 'Бакалавр (4 р. 00 м.)'),
(147, '6.030507 маркетинг  / Денна', 153658, 0, 6, 'Бакалавр (4 р. 00 м.)'),
(148, '6.030505 управління персоналом та економіка праці  / Денна', 153657, 0, 6, 'Бакалавр (4 р. 00 м.)'),
(149, '6.030503 міжнародна економіка  / Денна', 153656, 0, 6, 'Бакалавр (4 р. 00 м.)'),
(150, '6.030502 економічна кібернетика  / Денна', 153654, 0, 6, 'Бакалавр (4 р. 00 м.)'),
(152, '6.030401 правознавство   / Денна', 153652, 0, 12, 'Бакалавр (4 р. 00 м.)'),
(154, '6.030303 видавнича справа та редагування  / Денна', 153650, 0, 11, 'Бакалавр (4 р. 00 м.)'),
(156, '6.030302 реклама і зв’язки з громадськістю  / Денна', 153648, 0, 11, 'Бакалавр (4 р. 00 м.)'),
(158, '6.030301 журналістика  / Денна', 153646, 0, 11, 'Бакалавр (4 р. 00 м.)'),
(159, '6.030205 країнознавство  / Денна', 153645, 0, 4, 'Бакалавр (4 р. 00 м.)'),
(160, '6.030104 політологія  / Денна', 153644, 0, 13, 'Бакалавр (4 р. 00 м.)'),
(162, '6.030102 психологія  / Денна', 153642, 0, 8, 'Бакалавр (4 р. 00 м.)'),
(164, '6.030101 соціологія  / Денна', 153640, 0, 13, 'Бакалавр (4 р. 00 м.)'),
(166, '6.020302 історія  / Денна', 153636, 0, 4, 'Бакалавр (4 р. 00 м.)'),
(167, '6.020301 філософія  / Денна', 153635, 0, 13, 'Бакалавр (4 р. 00 м.)'),
(168, '6.020201 театральне мистецтво  / Денна', 153634, 0, 8, 'Бакалавр (4 р. 00 м.)'),
(170, '6.010203 здоров’я людини  / Денна', 153632, 0, 9, 'Бакалавр (4 р. 00 м.)'),
(172, '6.010202 спорт  / Денна', 153630, 0, 9, 'Бакалавр (4 р. 00 м.)'),
(174, '6.010201 фізичне виховання  / Денна', 153628, 0, 9, 'Бакалавр (4 р. 00 м.)'),
(176, '6.010106 соціальна педагогіка  / Денна', 153626, 0, 8, 'Бакалавр (4 р. 00 м.)'),
(222, '8.09010302 мисливське господарство  / Денна', 140774, 0, 3, 'Магістр (1 р. 06 м.)'),
(223, '8.18010017 економіка довкілля і природних ресурсів  / Денна', 140773, 0, 6, 'Магістр (1 р. 06 м.)'),
(224, '8.18010021 педагогіка вищої школи  / Денна', 140732, 0, 8, 'Магістр (1 р. 00 м.)'),
(226, '8.18010019 медіа-комунікації  / Денна', 140730, 0, 11, 'Магістр (2 р. 00 м.)'),
(228, '8.18010016 бізнес-адміністрування  / Денна', 140728, 0, 5, 'Магістр (1 р. 06 м.)'),
(229, '8.18010014 управління фінансово-економічною безпекою  / Денна', 140727, 0, 6, 'Магістр (1 р. 06 м.)'),
(230, '8.18010013 управління проектами  / Денна', 140726, 0, 6, 'Магістр (1 р. 06 м.)'),
(231, '8.15010002 державна служба  / Денна', 140725, 0, 13, 'Магістр (1 р. 00 м.) (д.в)'),
(233, '8.14010301 туризмознавство  / Денна', 140723, 0, 9, 'Магістр (1 р. 06 м.)'),
(234, '8.13010201 соціальна робота  / Денна', 140722, 0, 13, 'Магістр (1 р. 00 м.)'),
(236, '8.05010302 інженерія програмного забезпечення  / Денна', 140720, 0, 1, 'Магістр (1 р. 06 м.)'),
(237, '8.04030201 інформатика  / Денна', 140719, 0, 1, 'Магістр (1 р. 00 м.)'),
(239, '8.04030101 прикладна математика  / Денна', 140717, 0, 1, 'Магістр (1 р. 00 м.)'),
(241, '8.04020401 прикладна фізика  / Денна', 140715, 0, 2, 'Магістр (1 р. 00 м.)'),
(243, '8.04020302 фізика конденсованого стану  / Денна', 140713, 0, 2, 'Магістр (1 р. 00 м.)'),
(245, '8.04020301 фізика  / Денна', 140711, 0, 2, 'Магістр (1 р. 00 м.)'),
(247, '8.04020101 математика  / Денна', 140709, 0, 1, 'Магістр (1 р. 00 м.)'),
(249, '8.04010601 екологія та охорона навколишнього середовища  / Денна', 140707, 0, 3, 'Магістр (1 р. 00 м.)'),
(251, '8.04010209 генетика  / Денна', 140705, 0, 3, 'Магістр (1 р. 00 м.)'),
(253, '8.04010201 біологія  / Денна', 140703, 0, 3, 'Магістр (1 р. 00 м.)'),
(254, '8.04010101 хімія  / Денна', 140702, 0, 3, 'Магістр (1 р. 00 м.)'),
(256, '8.03060107 логістика  / Денна', 140700, 0, 5, 'Магістр (1 р. 06 м.)'),
(259, '8.03060104 менеджмент зовнішньоекономічної діяльності  / Денна', 140697, 0, 5, 'Магістр (1 р. 06 м.)'),
(261, '8.03060101 менеджмент організацій і адміністрування  / Денна', 140695, 0, 5, 'Магістр (1 р. 06 м.)'),
(262, '8.03050901 облік і аудит  / Денна', 140694, 0, 6, 'Магістр (1 р. 06 м.)'),
(265, '8.03050801 фінанси і кредит  / Денна', 140691, 0, 6, 'Магістр (1 р. 06 м.)'),
(266, '8.03050301 міжнародна економіка  / Денна', 140690, 0, 6, 'Магістр (1 р. 06 м.)'),
(268, '8.03050201 економічна кібернетика  / Денна', 140688, 0, 6, 'Магістр (1 р. 06 м.)'),
(269, '8.03040101 правознавство  / Денна', 140687, 0, 12, 'Магістр (1 р. 00 м.)'),
(271, '8.03030202 зв’язки з громадськістю   / Денна', 140685, 0, 11, 'Магістр (1 р. 06 м.)'),
(273, '8.03030201 реклама   / Денна', 140683, 0, 11, 'Магістр (1 р. 06 м.)'),
(275, '8.03030101 журналістика  / Денна', 140681, 0, 11, 'Магістр (1 р. 06 м.)'),
(277, '8.03020501 країнознавство  / Денна', 140679, 0, 4, 'Магістр (1 р. 06 м.)'),
(278, '8.03010401 політологія  / Денна', 140678, 0, 13, 'Магістр (1 р. 00 м.)'),
(281, '8.03010201 психологія  / Денна', 140675, 0, 8, 'Магістр (1 р. 00 м.)'),
(283, '8.03010101 соціологія  / Денна', 140673, 0, 13, 'Магістр (1 р. 06 м.)'),
(285, '8.02030301 українська мова і література  / Денна', 140665, 0, 10, 'Магістр (1 р. 00 м.)'),
(286, '8.02030203 архівознавство  / Денна', 140664, 0, 4, 'Магістр (1 р. 00 м.)'),
(289, '8.02030201 історія  / Денна', 140661, 0, 4, 'Магістр (1 р. 00 м.)'),
(290, '8.01020302 фізична реабілітація  / Денна', 140660, 0, 9, 'Магістр (1 р. 00 м.)'),
(293, '8.01020201 спорт  / Денна', 140657, 0, 9, 'Магістр (1 р. 00 м.)'),
(294, '8.01020101 фізичне виховання  / Денна', 140656, 0, 9, 'Магістр (1 р. 00 м.)'),
(297, '8.01010601 соціальна педагогіка  / Денна', 140653, 0, 8, 'Магістр (1 р. 00 м.)'),
(298, '7.01010601 соціальна педагогіка  / Денна', 140651, 0, 8, 'Спеціаліст (1 р. 00 м.)'),
(301, '7.01020101 фізичне виховання  / Денна', 140648, 0, 9, 'Спеціаліст (1 р. 00 м.)'),
(302, '7.01020201 спорт  / Денна', 140647, 0, 9, 'Спеціаліст (1 р. 00 м.)'),
(305, '7.01020302 фізична реабілітація  / Денна', 140644, 0, 9, 'Спеціаліст (1 р. 00 м.)'),
(306, '7.02020101 театральне мистецтво  / Денна', 140643, 0, 8, 'Спеціаліст (1 р. 00 м.)'),
(307, '7.02030201 історія  / Денна', 140642, 0, 4, 'Спеціаліст (1 р. 00 м.)'),
(310, '7.02030203 архівознавство  / Денна', 140639, 0, 4, 'Спеціаліст (1 р. 00 м.)'),
(311, '7.02030301 українська мова і література  / Денна', 140638, 0, 10, 'Спеціаліст (1 р. 00 м.)'),
(313, '7.03010101 соціологія  / Денна', 140630, 0, 13, 'Спеціаліст (1 р. 00 м.)'),
(315, '7.03010201 психологія  / Денна', 140628, 0, 8, 'Спеціаліст (1 р. 00 м.)'),
(317, '7.03010401 політологія  / Денна', 140626, 0, 13, 'Спеціаліст (1 р. 00 м.)'),
(318, '7.03020501 країнознавство  / Денна', 140625, 0, 4, 'Спеціаліст (1 р. 00 м.)'),
(320, '7.03030101 журналістика  / Денна', 140623, 0, 11, 'Спеціаліст (1 р. 00 м.)'),
(321, '7.03030201 реклама   / Денна', 140622, 0, 11, 'Спеціаліст (1 р. 00 м.)'),
(324, '7.03030202 зв’язки з громадськістю   / Денна', 140619, 0, 11, 'Спеціаліст (1 р. 00 м.)'),
(325, '7.03030301 видавнича справа та редагування  / Денна', 140618, 0, 11, 'Спеціаліст (1 р. 00 м.)'),
(326, '7.03040101 правознавство  / Денна', 140617, 0, 12, 'Спеціаліст (1 р. 00 м.)'),
(328, '7.03050201 економічна кібернетика  / Денна', 140615, 0, 6, 'Спеціаліст (1 р. 00 м.)'),
(330, '7.03050301 міжнародна економіка  / Денна', 140613, 0, 6, 'Спеціаліст (1 р. 00 м.)'),
(331, '7.03050801 фінанси і кредит  / Денна', 140612, 0, 6, 'Спеціаліст (1 р. 00 м.)'),
(334, '7.03050901 облік і аудит  / Денна', 140609, 0, 6, 'Спеціаліст (1 р. 00 м.)'),
(335, '7.03060101 менеджмент організацій і адміністрування  / Денна', 140608, 0, 5, 'Спеціаліст (1 р. 00 м.)'),
(337, '7.03060104 менеджмент зовнішньоекономічної діяльності  / Денна', 140606, 0, 5, 'Спеціаліст (1 р. 00 м.)'),
(339, '7.04010101 хімія  / Денна', 140604, 0, 3, 'Спеціаліст (1 р. 00 м.)'),
(340, '7.04010201 біологія  / Денна', 140603, 0, 3, 'Спеціаліст (1 р. 00 м.)'),
(342, '7.04010601 екологія та охорона навколишнього середовища  / Денна', 140601, 0, 3, 'Спеціаліст (1 р. 00 м.)'),
(343, '7.04020101 математика  / Денна', 140600, 0, 1, 'Спеціаліст (1 р. 00 м.)'),
(345, '7.04020301 фізика  / Денна', 140598, 0, 2, 'Спеціаліст (1 р. 00 м.)'),
(347, '7.04020302 фізика конденсованого стану  / Денна', 140596, 0, 2, 'Спеціаліст (1 р. 00 м.)'),
(349, '7.04020401 прикладна фізика  / Денна', 140594, 0, 2, 'Спеціаліст (1 р. 00 м.)'),
(350, '7.04030101 прикладна математика  / Денна', 140593, 0, 1, 'Спеціаліст (1 р. 00 м.)'),
(352, '7.04030201 інформатика  / Денна', 140591, 0, 1, 'Спеціаліст (1 р. 00 м.)'),
(354, '7.05010302 інженерія програмного забезпечення  / Денна', 140589, 0, 1, 'Спеціаліст (1 р. 00 м.)'),
(355, '7.13010201 соціальна робота  / Денна', 140588, 0, 13, 'Спеціаліст (1 р. 00 м.)'),
(357, '7.14010301 туризмознавство  / Денна', 140586, 0, 9, 'Спеціаліст (1 р. 00 м.)'),
(359, '6.020303 філологія (переклад: англійська мова) / Денна', 184709, 0, 7, 'Бакалавр');

-- --------------------------------------------------------

--
-- Структура таблицы `spec_classes`
--

CREATE TABLE IF NOT EXISTS `spec_classes` (
  `spec_class_id` tinyint(2) NOT NULL AUTO_INCREMENT,
  `spec_class_name` varchar(200) NOT NULL,
  PRIMARY KEY (`spec_class_id`)
) ENGINE=InnoDB  DEFAULT CHARSET=utf8 AUTO_INCREMENT=52 ;

--
-- Дамп данных таблицы `spec_classes`
--

INSERT INTO `spec_classes` (`spec_class_id`, `spec_class_name`) VALUES
(1, 'Лекційна'),
(2, 'Комп''ютерна аудиторія'),
(3, 'Мультимедійна лабораторія'),
(4, 'лабораторія кафедри фізики металів'),
(5, 'лабораторія кафедри фізики напівпровідників\r\n'),
(6, 'лабораторія кафедри прикладної фізики'),
(7, 'музей'),
(8, 'лабораторія ГІС'),
(9, 'лабораторія кафедри фізики та методики її викладання'),
(10, 'бібліотека'),
(11, 'лінгафонний клас'),
(12, 'коледж'),
(13, 'лабораторія журналістики'),
(14, 'спец клас'),
(15, 'кабінет англійської філології'),
(16, 'клас німецької філології'),
(17, 'лабораторія кафедри романської філології'),
(18, 'лабораторія кафедри зарубіжної літератури'),
(19, 'світлиця'),
(20, 'клас польської мови'),
(21, 'лабораторія кафедри імунології та біохімії'),
(22, 'лабораторія кафедри мисливствознавства та іхтіології'),
(23, 'наукова лабораторія організм енної та клітинної технології'),
(24, 'лабораторія гістохімії'),
(25, 'лабораторія кафедри загальної та прикладної екології'),
(26, 'лабораторія кафедри лікарських рослин'),
(27, 'лабораторія кафедри СПГ та генетики рослин'),
(28, 'лабораторія кафедри зоології'),
(29, 'лабораторія кафедри хімії'),
(30, 'лабораторія кафедри фізіології з курсом ЦЗ'),
(31, 'аудиторія бізнес-центру'),
(32, 'лабораторія кафедри фізичної реабілітації'),
(33, 'аудиторія охорони праці'),
(34, 'кафедра МБОФК '),
(35, 'лабораторія кафедри МБОФК'),
(36, 'аудиторія кафедри МБОФК'),
(37, 'аудиторія кафедри спортивних ігор'),
(38, 'аудиторія кафедри фізичної реабілітації'),
(39, 'аудиторія кафедри олімпійського та професійного спорту'),
(40, 'лабораторія ТМФКТ'),
(41, 'лабораторія кафедри кримінального права та правосуддя'),
(42, 'зал суд засідань кафедри кримінального права та правосуддя'),
(43, 'лабораторія кафедри кримінального права та правосуддя'),
(44, 'кабінет юридичного факультету'),
(45, 'лабораторія історичного факультету'),
(46, 'бібліотека історичного факультету'),
(47, 'спец аудиторія'),
(48, 'аудиторія акторської майстерності'),
(49, 'актовий зал'),
(50, 'танцювальний зал'),
(51, 'кабінет Петрик Т.Д.');

-- --------------------------------------------------------

--
-- Структура таблицы `teachers`
--

CREATE TABLE IF NOT EXISTS `teachers` (
  `teacher_id` int(4) NOT NULL AUTO_INCREMENT,
  `teacher_name` varchar(150) CHARACTER SET utf8 COLLATE utf8_unicode_ci NOT NULL,
  `id_position` int(2) NOT NULL COMMENT 'Посада',
  `id_academic_status` int(2) NOT NULL COMMENT 'Вчене звання',
  `id_cathedra` int(3) NOT NULL,
  PRIMARY KEY (`teacher_id`),
  KEY `academic_status` (`id_academic_status`),
  KEY `position` (`id_position`),
  KEY `id_cathedra` (`id_cathedra`)
) ENGINE=InnoDB  DEFAULT CHARSET=utf8 AUTO_INCREMENT=636 ;

--
-- Дамп данных таблицы `teachers`
--

INSERT INTO `teachers` (`teacher_id`, `teacher_name`, `id_position`, `id_academic_status`, `id_cathedra`) VALUES
(1, 'Абаніна Надія Сергіївна', 8, 37, 69),
(2, 'Абрамова Інна Георгіївна', 8, 36, 13),
(3, 'Аганіна Альона Олександрівна', 1, 39, 55),
(4, 'Александров Вячеслав Миколайович', 8, 28, 63),
(5, 'Александров Олександр Іванович', 8, 33, 29),
(6, 'Александрова Олена Федорівна', 8, 28, 37),
(7, 'Алімов Кирило Олександрович', 6, 39, 34),
(8, 'Ананьїна Ольга Юріївна', 8, 35, 61),
(9, 'Андрєєв Андрій Миколайович', 8, 28, 56),
(10, 'Андрух Світлана Іванівна', 8, 21, 17),
(11, 'Антонюк Дмитро Анатолійович', 8, 33, 26),
(12, 'Бабій Вікторія Григорівна', 8, 25, 20),
(13, 'Бабміндра Дмитро Іванович', 11, 3, 8),
(14, 'Багрійчук Олександр Сергійович', 8, 35, 46),
(15, 'Байкіна Ніна Григорівна', 18, 8, 67),
(16, 'Бакаленко Ірина Миколаївна', 8, 28, 54),
(17, 'Бандуріна Катерина Вікторівна', 8, 25, 12),
(18, 'Баришок Тетяна Віталіївна', 8, 25, 12),
(19, 'Батракова Тетяна Іванівна', 8, 20, 30),
(20, 'Безкоровайна Лариса Вікторівна', 8, 27, 33),
(21, 'Бережна - Притула Марія Олександрівна', 6, 0, 18),
(22, 'Бережна Ірина Анатоліївна', 6, 39, 27),
(23, 'Березенко Віта Віталіївна', 11, 7, 6),
(24, 'Беркова - Житомирська Любов Григорівна', 19, 0, 52),
(25, 'Бессарабов Микола Семенович', 8, 28, 36),
(26, 'Бессарабова Олена Вікторівна', 19, 28, 36),
(27, 'Бехтер Лілія Анатоліївна', 1, 20, 39),
(28, 'Бєлоусова Олена Станіславівна', 8, 24, 26),
(29, 'Бєляєва Анастасія Вікторівна', 8, 36, 37),
(30, 'Биба Марія Олексіївна', 6, 36, 42),
(31, 'Бичківський Олексій Олексійович', 8, 39, 34),
(32, 'Бікулов Дамір Тагірович', 10, 24, 62),
(33, 'Біленко Валерій Анатолійович', 8, 39, 57),
(34, 'Білівненко Сергій Миколайович', 8, 21, 22),
(35, 'Білкун Володимир Васильович', 18, 22, 49),
(36, 'Білозуб Людмила Миколаївна', 8, 23, 52),
(37, 'Білоножко Сергій Володимирович', 8, 21, 17),
(38, 'Білоусенко Петро Іванович', 5, 14, 44),
(39, 'Бірюкова Тетяна Федорівна', 8, 37, 69),
(40, 'Бобровський Михайло Ігорович', 6, 0, 59),
(41, 'Бовт Валентина Дем`янівна', 11, 2, 31),
(42, 'Богданов Сергій Миколайович', 8, 20, 26),
(43, 'Богдановська Надія Василівна', 11, 2, 12),
(44, 'Богма Олена Сергіївна', 8, 20, 30),
(45, 'Бойка Олена Анатоліївна', 1, 0, 68),
(46, 'Бойко Ганна Валентинівна', 8, 30, 59),
(47, 'Бойко Лариса Петрівна', 8, 36, 44),
(48, 'Бокша Вікторія Олегівна', 6, 0, 49),
(49, 'Болдуєва Оксана Валеріївна', 8, 20, 30),
(50, 'Бондар Олександр Григорович', 12, 39, 0),
(51, 'Бондар Юлія Олександрівна', 1, 0, 39),
(52, 'Бондаренко Володимир Григорович', 8, 21, 41),
(53, 'Бондаренко Ірина Станіславівна', 8, 36, 6),
(54, 'Бондаренко Наталя Борисівна', 8, 28, 63),
(55, 'Бондаренко Олег Валерійович', 6, 0, 69),
(56, 'Бортников Євгеній Геннадійович', 8, 19, 33),
(57, 'Борщевська Ганна Едуардівна', 8, 39, 34),
(58, 'Борю Сергій Юрійович', 10, 33, 38),
(59, 'Бостан Людмила Миколаївна', 8, 21, 55),
(60, 'Ботнер Юрій Адольфович', 19, 0, 66),
(61, 'Бражко Олександр Анатолійович', 5, 2, 24),
(62, 'Бродська Лариса Володимирівна', 8, 28, 16),
(63, 'Бувайло Дмитро Павлович', 8, 35, 38),
(64, 'Бугай Володимир Зіновійович', 5, 20, 30),
(65, 'Бурма Тетяна Григорівна', 8, 20, 62),
(66, 'Бутченко Тарас Іванович', 11, 15, 59),
(67, 'Бухаріна Людмила Михайлівна', 5, 3, 26),
(68, 'Вавіліна Світлана Геннадіївна', 6, 0, 37),
(69, 'Вагіна Олена Миколаївна', 8, 21, 1),
(70, 'Ваніна Ганна Вікторівна', 8, 36, 63),
(71, 'Ванюк Дар`я Валеріївна', 6, 25, 36),
(72, 'Вапіров Сергій Юрійович', 10, 36, 53),
(73, 'Варламова Ірина Сергіївна', 8, 20, 28),
(74, 'Василина Катерина Миколаївна', 8, 36, 60),
(75, 'Васильченко Олена Іванівна', 6, 0, 37),
(76, 'Васильчук Геннадій Миколайович', 17, 4, 0),
(77, 'Васько Вікторія Михайлівна', 19, 0, 23),
(78, 'Велика Ірина Олегівна', 8, 36, 53),
(79, 'Венгерська Наталя Сергіївна', 19, 20, 8),
(80, 'Вербовецька Світлана Григорівна', 1, 0, 30),
(81, 'Верлос Наталія Володимирівна', 19, 39, 57),
(82, 'Виговська Наталія Анатоліївна', 1, 0, 66),
(83, 'Винарчук Тетяна Валеріївна', 8, 21, 21),
(84, 'Вишняков Володимир Михайлович', 18, 20, 8),
(85, 'Віхляєв Михайло Юрійович', 3, 16, 34),
(86, 'Віхляєв Михайло Юрійович', 8, 16, 57),
(87, 'Вовченко Володимир Юхимович', 19, 0, 14),
(88, 'Войтович Євген Михайлович', 8, 39, 49),
(89, 'Войтович Олена Миколаївна', 8, 17, 68),
(90, 'Волгіна Олена Олександрівна', 6, 0, 63),
(91, 'Волков Володимир Петрович', 15, 11, 26),
(92, 'Волкова Анжела Володимирівна', 6, 0, 37),
(93, 'Волкова Валерія Володимирівна', 8, 28, 16),
(94, 'Воробйова Марина Вікторівна', 8, 36, 2),
(95, 'Воронова Наталія Валентинівна', 13, 17, 0),
(96, 'Вязова Рита Василівна', 8, 37, 16),
(97, 'Гаджиєва Шабінем Намєтівна', 6, 39, 27),
(98, 'Галуцьких Ірина Анатоліївна', 8, 36, 60),
(99, 'Гальченко Лія Володимирівна', 19, 28, 36),
(100, 'Гальчинська Ірина Анатоліївна', 19, 31, 14),
(101, 'Гамбург Леонід Самойлович', 18, 39, 55),
(102, 'Ганза Ірина Володимирівна', 8, 20, 62),
(103, 'Ганзенко Олександр Олександрович', 8, 39, 55),
(104, 'Гвоздик Василь Степанович', 8, 21, 21),
(105, 'Гельман Валентина Миколаївна', 10, 20, 15),
(106, 'Генчева Вікторія Іванівна', 8, 17, 24),
(107, 'Германюк Маргарита Олегівна', 19, 39, 27),
(108, 'Гіржон Василь Васильович', 11, 13, 64),
(109, 'Гладиш Марія Олександрівна', 6, 28, 51),
(110, 'Глазунов Володимир Володимирович', 18, 15, 59),
(111, 'Голець Валентина Олександрівна', 4, 17, 18),
(112, 'Голованова Тетяна Петрівна', 8, 28, 65),
(113, 'Головань Ольга Олексіївна', 8, 35, 62),
(114, 'Головко Олександра Миколаївна', 8, 36, 2),
(115, 'Головко Юлія Іванівна', 4, 21, 22),
(116, 'Голощапова Євгенія Олександрівна', 19, 21, 21),
(117, 'Голуб Юлія Іванівна', 8, 36, 60),
(118, 'Голубєв Денис Ігорович', 1, 0, 39),
(119, 'Гоменюк Сергій Іванович', 7, 11, 0),
(120, 'Гончаренко Павло Володимирович', 8, 37, 58),
(121, 'Гончаренко Сергій Феліксович', 6, 0, 20),
(122, 'Гончаренко Юліана Володимирівна', 8, 28, 52),
(123, 'Гончаров Віктор Миколайович', 19, 0, 52),
(124, 'Гончарова Валентина Георгіївна', 8, 24, 28),
(125, 'Горбань Валерій Віталійович', 8, 17, 7),
(126, 'Горбач Наталія Вікторівна', 4, 36, 54),
(127, 'Горбенко Інна Федорівна', 8, 36, 10),
(128, 'Горбуля Віктор Олексійович', 19, 0, 20),
(129, 'Горбуля Вікторія Борисівна', 19, 0, 36),
(130, 'Горбуля Олександр Вікторович', 6, 0, 20),
(131, 'Горбунова Анна Володимирівна', 8, 20, 30),
(132, 'Гороховський Єгор Юрійович', 6, 0, 31),
(133, 'Горошкова Лідія Анатоліївна', 8, 3, 26),
(134, 'Гостіщев Вадим Миколайович', 8, 22, 40),
(135, 'Грандт Вікторія Вікторівна', 19, 30, 47),
(136, 'Гребенюк Сергій Миколайович', 10, 33, 29),
(137, 'Грединарова Олена Михайлівна', 8, 30, 47),
(138, 'Гречко Катерина Миколаївна', 6, 0, 18),
(139, 'Гречнєва Марина Олександрівна', 1, 0, 45),
(140, 'Григор`єв Станіслав Михайлович', 18, 11, 62),
(141, 'Григорова Наталя Володимирівна', 8, 17, 31),
(142, 'Гринь Вікторія Петрівна', 19, 20, 28),
(143, 'Гринь Лілія Олександрівна', 8, 28, 52),
(144, 'Гришко Юрій Анатолійович', 8, 28, 20),
(145, 'Грищак Віктор Захарович', 11, 11, 4),
(146, 'Грозовська Наталія Андріївна', 8, 36, 41),
(147, 'Грушева Тетяна Вікторівна', 8, 21, 21),
(148, 'Губа Наталія Олександрівна', 10, 30, 47),
(149, 'Губрієнко Олена Миколаївна', 8, 39, 57),
(150, 'Гура Олександр Іванович', 16, 8, 0),
(151, 'Гурєєва Антоніна Михайлівна', 19, 0, 20),
(152, 'Гуржій Наталія Миколаївна', 18, 3, 26),
(153, 'Давлєтов Олександр Рашидович', 18, 21, 17),
(154, 'Даценко Ірина Петрівна', 1, 0, 56),
(155, 'Денисенко Інна Олександрівна', 6, 25, 33),
(156, 'Денисенко Лариса Петрівна', 8, 36, 44),
(157, 'Денисов Костянтин Вікторович', 6, 20, 8),
(158, 'Дерев`янко Наталія Петрівна', 19, 0, 24),
(159, 'Деревянко Юлія Миколаївна', 6, 0, 37),
(160, 'Дибчинська Яна Станіславівна', 4, 36, 16),
(161, 'Дмитренко Тетяна Анатоліївна', 19, 35, 64),
(162, 'Долгорукий Павло Юрійович', 6, 0, 46),
(163, 'Домбровський Костянтин Олегович', 8, 17, 7),
(164, 'Домніч Валерій Іванович', 11, 2, 14),
(165, 'Домніч Ольга Валеріївна', 8, 36, 37),
(166, 'Донченко Ілля Сергійович', 6, 0, 20),
(167, 'Дорошенко Вероніка Вадимівна', 8, 25, 18),
(168, 'Дорошенко Едуард Юрійович', 10, 6, 20),
(169, 'Доценко Катерина Олексіївна', 8, 36, 6),
(170, 'Дубова Олена Віленівна', 8, 17, 68),
(171, 'Дугієнко Наталя Олександрівна', 8, 20, 8),
(172, 'Дударева Інна Володимирівна', 8, 37, 69),
(173, 'Дударєва Галина Федорівна', 8, 31, 7),
(174, 'Дудоров Олександр Олексійович', 5, 16, 49),
(175, 'Дука Людмила Іванівна', 8, 36, 9),
(176, 'Духовна - Кравченко Олеся Сергіївна', 19, 37, 59),
(177, 'Дьомін Олександр Миколайович', 8, 17, 18),
(178, 'Дьомін Сергій Сергійович', 6, 0, 40),
(179, 'Дядечко Ігор Євгенович', 19, 0, 36),
(180, 'Д`яченко Наталія Миколаївна', 8, 35, 29),
(181, 'Ель Гуессаб Карім', 8, 37, 58),
(182, 'Єльников Михайло Васильович', 8, 21, 17),
(183, 'Ємельянова Валентина Миколаївна', 19, 0, 60),
(184, 'Єна Ірина Вікторівна', 8, 39, 49),
(185, 'Єнікєєва Санія Маратівна', 11, 14, 60),
(186, 'Єрмакова Ольга Аркадіївна', 19, 0, 52),
(187, 'Єрмолаєв Вадим Анатолійович', 8, 35, 38),
(188, 'Єсіонова Галина Олександрівна', 19, 0, 20),
(189, 'Єщенко Юлія Віталіївна', 18, 2, 50),
(190, 'Жаворонкова Вікторія Василівна', 6, 0, 37),
(191, 'Жестков Сергій Геннадійович', 19, 0, 20),
(192, 'Жирова Віра Миколаївна', 8, 28, 37),
(193, 'Журавльова Ганна Семенівна', 10, 39, 57),
(194, 'Завгородній Михайло Петрович', 8, 17, 24),
(195, 'Заверико Наталія Віталіївна', 11, 28, 51),
(196, 'Задорожня Вікторія Юліївна', 8, 17, 31),
(197, 'Запольських Світлана Петрівна', 8, 36, 2),
(198, 'Заруба Віра Юріївна', 8, 21, 1),
(199, 'Захарова Ніна Володимирівна', 8, 36, 53),
(200, 'Зацний Юрій Антонович', 11, 14, 2),
(201, 'Зінов`єва - Орлова Олена Петрівна', 6, 0, 67),
(202, 'Зіновєєв Ігор Валерійович', 8, 35, 45),
(203, 'Зозуль Ія Василівна', 6, 39, 57),
(204, 'Зубець Наталя Олександрівна', 8, 36, 44),
(205, 'Зубов Вадим Олексійович', 8, 15, 58),
(206, 'Ібрагімов Ернест Енверович', 18, 3, 39),
(207, 'Іваненко Станіслав Валентинович', 8, 36, 63),
(208, 'Іваненко Станіслав Валентинович', 9, 36, 37),
(209, 'Іваненко Тамара Вікторівна', 8, 28, 20),
(210, 'Іванець Тетяна Олександрівна', 8, 36, 6),
(211, 'Іваницький Олександр Іванович', 11, 8, 56),
(212, 'Іванова Лариса Сергіївна', 8, 37, 65),
(213, 'Іванська Олена Василівна', 6, 0, 12),
(214, 'Іванюха Тетяна Валеріївна', 8, 36, 13),
(215, 'Іващенко Ольга Владиславівна', 8, 33, 39),
(216, 'Ігнатуша Олександр Миколайович', 18, 4, 35),
(217, 'Ільченко Ірина Іванівна', 8, 36, 44),
(218, 'Іріоглу Юрій Олександрович', 8, 21, 22),
(219, 'Іщук Ольга Вікторівна', 19, 30, 47),
(220, 'Казакова Оксана Миколаївна', 8, 21, 17),
(221, 'Калабухова Мар`яна Василівна', 19, 36, 63),
(222, 'Кальонова Ірина Валентинівна', 8, 22, 12),
(223, 'Кальцева Світлана Іванівна', 8, 29, 1),
(224, 'Калюжна Євгенія Миколаївна', 8, 30, 47),
(225, 'Каніболоцька Ольга Анатоліївна', 8, 28, 63),
(226, 'Капелюш Наталія Вікторівна', 8, 17, 7),
(227, 'Караулова Світлана Іванівна', 8, 25, 40),
(228, 'Квєтков Микола Миколайович', 6, 0, 52),
(229, 'Кеберле Наталія Геннадіївна', 8, 33, 38),
(230, 'Кисільова Інна Юріївна', 8, 35, 30),
(231, 'Кіндратець Олена Миколаївна', 18, 9, 1),
(232, 'Клименко Ганна Іванівна', 6, 0, 42),
(233, 'Клименко Михайло Іванович', 8, 35, 0),
(234, 'Клименко Ольга Леонідівна', 18, 36, 2),
(235, 'Клименко Світлана Євгенівна', 1, 20, 39),
(236, 'Клопов Роман Вікторович', 11, 8, 36),
(237, 'Клопота Євген Анатолійович', 8, 30, 65),
(238, 'Клочко Любов Іванівна', 19, 0, 40),
(239, 'Князьков Юрій Петрович', 8, 21, 22),
(240, 'Коваленко Інна Ігорівна', 6, 0, 69),
(241, 'Коваленко Леся Вікторівна', 8, 21, 17),
(242, 'Коваленко Наталія Миколаївна', 8, 20, 62),
(243, 'Коваленко Роман Вікторович', 6, 0, 37),
(244, 'Коваленко Юлія Олексіївна', 8, 28, 67),
(245, 'Ковальова Вікторія Миколаївна', 1, 0, 64),
(246, 'Козич Ірина Володимирівна', 8, 28, 65),
(247, 'Козін Ігор Вікторович', 18, 13, 3),
(248, 'Козленко Наталія Валентинівна', 1, 0, 9),
(249, 'Козлова Тетяна Олегівна', 8, 36, 60),
(250, 'Кокарев Борис Валерійович', 19, 0, 40),
(251, 'Колобердянко Іван Іванович', 8, 20, 8),
(252, 'Коломоєць Тетяна Олександрівна', 7, 16, 0),
(253, 'Колпаков Валерій Костянтинович', 5, 16, 27),
(254, 'Коляда Володимир Іванович', 8, 37, 58),
(255, 'Компанієць Людмила Георгіївна', 6, 37, 16),
(256, 'Кондрат`єва Наталія Олександрівна', 8, 35, 4),
(257, 'Кондрико Анастасія Андріївна', 6, 0, 10),
(258, 'Кононенко Микола Сергійович', 19, 0, 20),
(259, 'Конох Анатолій Петрович', 11, 8, 67),
(260, 'Конох Олена Євгенівна', 19, 25, 33),
(261, 'Копійка Віра Вікторівна', 10, 17, 50),
(262, 'Корінний Сергій Олександрович', 6, 20, 8),
(263, 'Корнет Марина Миколаївна', 8, 17, 24),
(264, 'Корнієнко Геннадій Миколайович', 19, 0, 69),
(265, 'Короленко Каріна Володимирівна', 19, 28, 40),
(266, 'Король Олександр Петрович', 18, 1, 52),
(267, 'Костенко Олена Владиславівна', 6, 0, 37),
(268, 'Костецька Любов Олександрівна', 8, 36, 54),
(269, 'Костюк Віктор Володимирович', 10, 28, 66),
(270, 'Костюк Юрій Вікторович', 1, 0, 10),
(271, 'Костюченко Наталія Іванівна', 8, 17, 7),
(272, 'Костюшко Ірина Анатоліївна', 8, 35, 4),
(273, 'Кравченко Валентина Олександрівна', 8, 36, 54),
(274, 'Кравченко Юлія Володимирівна', 19, 36, 44),
(275, 'Кравченко Яна Павлівна', 8, 36, 53),
(276, 'Красікова Ірина Володимирівна', 8, 35, 29),
(277, 'Краснокутська Юлія Миколаївна', 8, 20, 28),
(278, 'Краснокутський Олександр Володимирович', 8, 37, 59),
(279, 'Кривега Людмила Дмитрівна', 11, 15, 58),
(280, 'Кривко Ірина Миколаївна', 8, 21, 35),
(281, 'Криволапов Едуард Анатолійович', 6, 0, 33),
(282, 'Крупєй Кристина Сергіївна', 1, 0, 7),
(283, 'Кудін Олексій Володимирович', 6, 0, 23),
(284, 'Кудінов Ігор Олексійович', 8, 37, 69),
(285, 'Кузенко Лариса Володимирівна', 8, 39, 27),
(286, 'Кузнєцов Андрій Олександрович', 8, 17, 12),
(287, 'Кукурудз Роман Орестович', 8, 39, 27),
(288, 'Кулик Віталій Ігорович', 6, 0, 40),
(289, 'Кулик Марія Анатоліївна', 6, 32, 69),
(290, 'Кулинич Анатолій Григорович', 19, 0, 61),
(291, 'Курапов Сергій Всеволодович', 8, 35, 23),
(292, 'Кургузов Андрій Олегович', 8, 37, 16),
(293, 'Курохтіна Антоніна Михайлівна', 19, 0, 63),
(294, 'Кучковський Олег Миколайович', 19, 17, 31),
(295, 'Кушинова Наталя Григорівна', 8, 20, 15),
(296, 'Кушнерюк Юлія Романівна', 8, 36, 54),
(297, 'Кушнір Геннадій Іванович', 19, 0, 20),
(298, 'Кушнір Світлана Олександрівна', 19, 20, 30),
(299, 'Кушнір Сергій Миколайович', 14, 39, 0),
(300, 'Кущик Анатолій Петрович', 18, 20, 30),
(301, 'Лазаренко Дар`я Миколаївна', 19, 36, 60),
(302, 'Ларкін Михайло Олександрович', 19, 39, 49),
(303, 'Ласкава Юлія Володимирівна', 19, 36, 41),
(304, 'Лашко Наталія Петрівна', 8, 38, 24),
(305, 'Лебедєва Наталія Іванівна', 8, 17, 14),
(306, 'Левчук Ганна Миколаївна', 6, 17, 68),
(307, 'Левчук Сергій Анатолійович', 8, 35, 4),
(308, 'Леонтьєва Вікторія Володимирівна', 8, 35, 4),
(309, 'Лепська Наталія Володимирівна', 8, 29, 1),
(310, 'Лепський Максим Анатолійович', 7, 15, 0),
(311, 'Лепьохін Олександр Васильович', 10, 20, 39),
(312, 'Лещенко Олена Геннадіївна', 19, 28, 51),
(313, 'Линенко Андрій Володимирович', 8, 20, 30),
(314, 'Ліпкевич Ігор Григорович', 8, 36, 44),
(315, 'Лісняк Андрій Олександрович', 4, 35, 23),
(316, 'Літвінова - Головань Ольга Павлівна', 6, 0, 20),
(317, 'Локарєв Станіслав Костянтинович', 19, 0, 1),
(318, 'Локарєва Галина Василівна', 9, 8, 52),
(319, 'Локарєва Галина Василівна', 18, 8, 65),
(320, 'Лось Віта Олексіївна', 8, 20, 3),
(321, 'Лубенець Ігор Олексійович', 19, 0, 8),
(322, 'Луганська Ольга Василівна', 8, 38, 24),
(323, 'Лужаниця Олена Іванівна', 8, 36, 60),
(324, 'Лукасевич Оксана Анатоліївна', 8, 30, 47),
(325, 'Лукоянова Катерина Валеріївна', 8, 25, 20),
(326, 'Луц Дмитро Миколайович', 6, 0, 34),
(327, 'Любченко Юлія Валеріївна', 8, 26, 66),
(328, 'Лютіков Павло Сергійович', 8, 16, 27),
(329, 'Люшинська Ганна Валеріївна', 6, 0, 37),
(330, 'Люшинська Олена Харитонівна', 8, 36, 42),
(331, 'Лях Віктор Олексійович', 11, 2, 68),
(332, 'Лях Сергій Романович', 11, 4, 35),
(333, 'Маказан Євгенія Василівна', 8, 20, 62),
(334, 'Макаренко Олена Іванівна', 8, 20, 3),
(335, 'Макаренков Олексій Леонідович', 8, 39, 55),
(336, 'Маклюк Ольга Миколаївна', 4, 21, 17),
(337, 'Маковецька Наталія Валеріївна', 11, 8, 33),
(338, 'Максишко Наталія Костянтинівна', 11, 3, 3),
(339, 'Малина Олена Григорівна', 19, 30, 47),
(340, 'Маліков Микола Васильович', 7, 2, 0),
(341, 'Маліновська Ольга Станіславівна', 8, 37, 59),
(342, 'Маловічко Олена Владиславівна', 8, 37, 59),
(343, 'Малтиз Вікторія Віталіївна', 19, 20, 15),
(344, 'Малько Максим Миколайович', 8, 17, 31),
(345, 'Мальована Юлія Геннадіївна', 8, 29, 1),
(346, 'Мамедова Алла Іванівна', 8, 36, 63),
(347, 'Манакін Володимир Миколайович', 7, 14, 0),
(348, 'Манакіна Наталія Михайлівна', 8, 36, 66),
(349, 'Манжура Володимир Іванович', 8, 37, 58),
(350, 'Манько Наталія Іванівна - Володимирівна', 19, 0, 45),
(351, 'Маркова Світлана Вікторівна', 8, 20, 62),
(352, 'Мартинов Микола Петрович', 8, 39, 57),
(353, 'Марчук Володимир Володимирович', 8, 21, 21),
(354, 'Маслєнніков Вадим Олегович', 19, 0, 38),
(355, 'Маслова Оксана Володимирівна', 8, 35, 7),
(356, 'Масюк Олег Петрович', 8, 37, 59),
(357, 'Матвіїшина Надія Вікторівна', 8, 33, 38),
(358, 'Махачашвілі Русудан Кирилевна', 18, 14, 2),
(359, 'Мацегора Іван Леонідович', 8, 36, 9),
(360, 'Мацкевіч Юліана Рафаїлівна', 8, 28, 51),
(361, 'Мегрелішвілі Марія Олексіївна', 8, 37, 58),
(362, 'Медведєва Олена Дмитрівна', 6, 0, 37),
(363, 'Медвідь Михайло Миколайович', 19, 0, 36),
(364, 'Меліхова Ольга Юріївна', 8, 39, 27),
(365, 'Микитів Галина Володимирівна', 19, 0, 10),
(366, 'Мильцев Олександр Михайлович', 6, 0, 23),
(367, 'Миргородська Катерина Петрівна', 6, 0, 31),
(368, 'Мільчев Володимир Іванович', 7, 4, 0),
(369, 'Мінаєв Юрій Павлович', 18, 35, 56),
(370, 'Мірошниченко Галина Олександрівна', 8, 29, 59),
(371, 'Мірошніченко Олена Олександрівна', 8, 18, 7),
(372, 'Міщенко Валерій Григорович', 11, 11, 46),
(373, 'Мозговий Олександр Іванович', 19, 0, 33),
(374, 'Молдавський Роман Леонідович', 8, 21, 22),
(375, 'Морошкіна Галина Федорівна', 7, 36, 0),
(376, 'Мосол Наталія Олександрівна', 8, 30, 65),
(377, 'Мофа Сергій Олегович', 19, 37, 69),
(378, 'Муравін Олександр Володимирович', 8, 36, 9),
(379, 'Мурко Ірина Іванівна', 6, 0, 37),
(380, 'Мухін Віталій Вікторович', 8, 33, 23),
(381, 'Нагаєць Ірина Юріївна', 6, 20, 30),
(382, 'Надточій Наталя Олександрівна', 8, 28, 60),
(383, 'Назаренко Вероніка Владиславівна', 6, 0, 40),
(384, 'Наумова Наталія Григорівна', 8, 36, 16),
(385, 'Недоля Анатолій Васильович', 8, 35, 46),
(386, 'Некрасов Сергій Андрійович', 19, 0, 33),
(387, 'Нестеренко Людмила Олексіївна', 18, 21, 17),
(388, 'Нечет Валерій Іванович', 8, 35, 56),
(389, 'Ніколаєва Наталя Миколаївна', 6, 0, 37),
(390, 'Ніколаєва Тетяна Євгенівна', 18, 37, 1),
(391, 'Ніколаєнко Валентина Миколаївна', 8, 36, 54),
(392, 'Новицький Руслан Володимирович', 1, 0, 14),
(393, 'Новіков Михайло Федорович', 8, 33, 28),
(394, 'Новосад Наталія Василівна', 8, 17, 50),
(395, 'Овсяннікова Вікторія Віталіївна', 8, 30, 65),
(396, 'Одинець Тетяна Євгенівна', 8, 25, 12),
(397, 'Озерський Ігор Володимирович', 18, 16, 49),
(398, 'Олійник Анастасія Михайлівна', 6, 0, 42),
(399, 'Олійник Олександр Миколайович', 8, 37, 62),
(400, 'Омельченко Андрій Вікторович', 8, 21, 17),
(401, 'Омельяненко Галина Анатоліївна', 8, 28, 67),
(402, 'Омельянчик Людмила Олександрівна', 2, 12, 0),
(403, 'Омельянчик Сергій Володимирович', 8, 39, 57),
(404, 'Орлов Анатолій Анатолійович', 6, 0, 67),
(405, 'Осаул Аліна Олександрівна', 19, 0, 8),
(406, 'Остапенко Галина Олександрівна', 8, 28, 18),
(407, 'Очеретін Дмитро Валерійович', 19, 20, 3),
(408, 'Павленко Іва Олександрівна', 6, 0, 69),
(409, 'Павленко Ірина Яківна', 11, 14, 9),
(410, 'Павлюк Олена Олегівна', 8, 36, 63),
(411, 'Панасенко Євген Валерійович', 8, 35, 29),
(412, 'Панасенко Світлана Вікторівна', 1, 0, 69),
(413, 'Панасенко Тамара Володимирівна', 8, 34, 24),
(414, 'Папуча Володимир Миколайович', 8, 28, 40),
(415, 'Паскевська Юлія Анатоліївна', 8, 30, 47),
(416, 'Пахомова Тетяна Олександрівна', 18, 8, 60),
(417, 'Пашков Ігор Анатолійович', 6, 0, 15),
(418, 'Переверзєва Анна Василівна', 19, 20, 8),
(419, 'Перетятько Вікторія Віталіївна', 8, 28, 24),
(420, 'Петрик Тетяна Дмитрівна', 6, 0, 52),
(421, 'Петриченко Віктор Володимирович', 19, 0, 14),
(422, 'Петров Василь Олексійович', 19, 0, 36),
(423, 'Петрова Галина Михайлівна', 19, 0, 20),
(424, 'Петруша Юлія Юріївна', 19, 17, 24),
(425, 'Пєшкова Олена Андріївна', 6, 0, 63),
(426, 'Пиптюк Павло Федорович', 19, 28, 67),
(427, 'Пирогова Кристина Михайлівна', 8, 36, 13),
(428, 'Пирожкова Юлія Володимирівна', 8, 39, 27),
(429, 'Півень Аліса Дмитрівна', 6, 0, 16),
(430, 'Пінчук Лариса Миколаївна', 8, 28, 63),
(431, 'Плеханова Тетяна Миколаївна', 4, 36, 10),
(432, 'Поважна Анна Валеріївна', 19, 37, 58),
(433, 'Поваліхіна Надія Костянтинівна', 1, 0, 42),
(434, 'Позмогова Наталія Василівна', 19, 22, 7),
(435, 'Половинкіна Руслана Юріївна', 1, 0, 55),
(436, 'Полякова Ганна Олександрівна', 8, 36, 13),
(437, 'Полякова Ірина Олексіївна', 8, 17, 68),
(438, 'Понедько Тетяна Борисівна', 6, 0, 23),
(439, 'Пономаренко Ольга Вікторівна', 7, 28, 0),
(440, 'Пономарьов Валентин Олександрович', 8, 28, 40),
(441, 'Поплавська Анжеліка Петрівна', 8, 30, 47),
(442, 'Попов Сергій Миколайович', 8, 0, 36),
(443, 'Потапова Лариса Володимирівна', 8, 28, 36),
(444, 'Потапова Олена Володимирівна', 6, 0, 40),
(445, 'Приварников Аркадій Костянтинович', 11, 13, 45),
(446, 'Приймак Олег Миколайович', 18, 4, 59),
(447, 'Приймак Юлія Олександрівна', 6, 32, 69),
(448, 'Приступа Ірина Володимирівна', 8, 17, 68),
(449, 'Притула Олександр Леонтійович', 19, 0, 67),
(450, 'Приходько Ганна Іллівна', 18, 14, 60),
(451, 'Приходько Микола Ілліч', 18, 8, 51),
(452, 'Приходько Олександр Васильович', 8, 35, 61),
(453, 'Приходько Олександра Олексіївна', 6, 0, 37),
(454, 'Проскуріна Наталія Володимирівна', 1, 0, 42),
(455, 'Проскуріна Неля Миколаївна', 18, 3, 28),
(456, 'Прохоров Володимир Федорович', 18, 36, 53),
(457, 'Проценко Оксана Анатоліївна', 8, 36, 54),
(458, 'Процик Ірина Володимирівна', 19, 36, 41),
(459, 'Прус Світлана Іванівна', 8, 28, 2),
(460, 'Пушкарь Ірина Володимирівна', 8, 24, 28),
(461, 'Пшенична Олена Станіславівна', 8, 28, 38),
(462, 'Радєва Ольга Георгіївна', 19, 0, 28),
(463, 'Ратушна Таїсія Олександрівна', 19, 32, 69),
(464, 'Решевська Катерина Сергіївна', 8, 33, 38),
(465, 'Рибалка Ольга Іванівна', 19, 0, 20),
(466, 'Рибалко Олена Михайлівна', 8, 20, 28),
(467, 'Рильський Олександр Федорович', 11, 2, 7),
(468, 'Ріхтер Ольга Олександрівна', 6, 0, 53),
(469, 'Романюк Наталія Василівна', 8, 36, 10),
(470, 'Рубцова Наталія Юріївна', 8, 17, 14),
(471, 'Руднєва Анна Олегівна', 1, 0, 1),
(472, 'Ружин Катерина Михайлівна', 10, 28, 63),
(473, 'Сабадаш Віктор Петрович', 8, 39, 49),
(474, 'Сабліна Світлана Володимирівна', 8, 36, 44),
(475, 'Савченко Ірина Володимирівна', 8, 21, 22),
(476, 'Савчук Тетяна Григорівна', 8, 21, 35),
(477, 'Саєнко Олена Романівна', 19, 0, 28),
(478, 'Саєнко Світлана Геннадіївна', 6, 20, 28),
(479, 'Салдецька Ольга Ігорівна', 6, 0, 63),
(480, 'Салтикова Тетяна Олексіївна', 6, 0, 63),
(481, 'Самойлова Аліна Геннадіївна', 8, 30, 47),
(482, 'Санакоєва Наталя Дмитрівна', 8, 36, 6),
(483, 'Сватьєв Андрій Вячеславович', 11, 8, 40),
(484, 'Северина Світлана Володимирівна', 1, 0, 39),
(485, 'Сейсебаєва Наталія Григорівна', 8, 20, 30),
(486, 'Семенець Олена Олександрівна', 11, 14, 13),
(487, 'Семенчук Алла Борисівна', 8, 36, 2),
(488, 'Семенюта Ганна Леонідівна', 1, 0, 63),
(489, 'Сердюк Дмитро Георгійович', 19, 0, 36),
(490, 'Середа Анжела Миколаївна', 8, 21, 55),
(491, 'Сидоров Ярослав Олексійович', 8, 39, 27),
(492, 'Синєокий Олег Володимирович', 18, 39, 66),
(493, 'Синьоокий Володимир Миколайович', 8, 33, 61),
(494, 'Синюгіна Марія Борисівна', 19, 25, 40),
(495, 'Синяєва Ніна Петрівна', 8, 38, 24),
(496, 'Сіріньок - Долгарьова Катерина Григорівна', 8, 26, 66),
(497, 'Січкар Оксана Миколаївна', 8, 36, 54),
(498, 'Сквірський Ілля Олегович', 18, 16, 57),
(499, 'Скворець Володимир Олексійович', 8, 15, 59),
(500, 'Скворець Володимир Олексійович', 3, 15, 69),
(501, 'Скорнякова Юлія Борисівна', 8, 20, 28),
(502, 'Скрипаченко Тетяна Вікторівна', 8, 30, 47),
(503, 'Слижук Олеся Алімівна', 8, 28, 54),
(504, 'Смірнова Наталія Іванівна', 19, 0, 40),
(505, 'Смоляков Олександр Васильович', 8, 35, 64),
(506, 'Сніжной Валентин Лук`янович', 8, 35, 46),
(507, 'Сокирко Олексій Сергійович', 8, 28, 36),
(508, 'Соколов Віталій Вікторович', 8, 36, 63),
(509, 'Соколова Ольга Валентинівна', 8, 25, 67),
(510, 'Соколовська Наталія Петрівна', 6, 0, 52),
(511, 'Солдатенко Світлана Василівна', 1, 0, 55),
(512, 'Соловйова Тетяна Геннадіївна', 19, 28, 51),
(513, 'Сорокіна Олександра Сергіївна', 6, 0, 69),
(514, 'Спиця Оксана Геннадіївна', 19, 0, 45),
(515, 'Спіцина Лариса Валеріївна', 8, 0, 47),
(516, 'Стадніченко Надія Василівна', 19, 0, 52),
(517, 'Стадніченко Ольга Олександрівна', 10, 36, 41),
(518, 'Стасик Микола Васильович', 8, 36, 41),
(519, 'Стащук Інна Павлівна', 1, 0, 6),
(520, 'Стєганцев Євгеній Вікторович', 8, 35, 45),
(521, 'Стєганцева Поліна Георгіївна', 8, 35, 45),
(522, 'Стовбур Любов Миколаївна', 8, 36, 44),
(523, 'Столярчук Ірина Аркадіївна', 8, 35, 45),
(524, 'Страколист Ганна Миколаївна', 19, 17, 12),
(525, 'Стрельченко Володимир Іванович', 19, 0, 7),
(526, 'Стреляєв Юрій Михайлович', 19, 0, 29),
(527, 'Стрюкова Надія Олексіївна', 8, 36, 42),
(528, 'Стуліна Євгенія Володимирівна', 8, 36, 42),
(529, 'Сухарева Катерина Володимирівна', 8, 37, 62),
(530, 'Сучков Артем Вадимович', 19, 20, 26),
(531, 'Сьомченко Вікторія Вікторівна', 8, 20, 28),
(532, 'Танцюра Інна Валеріївна', 8, 35, 64),
(533, 'Таран Володимир Олександрович', 18, 15, 58),
(534, 'Тараненко Ольга Володимирівна', 8, 36, 37),
(535, 'Тарасюк Інна Василівна', 8, 36, 42),
(536, 'Темна Оксана Валентинівна', 8, 36, 9),
(537, 'Терент`єва Наталія Валеріївна', 1, 0, 15),
(538, 'Терно Сергій Олександрович', 8, 28, 35),
(539, 'Тернова Алла Іллівна', 8, 36, 66),
(540, 'Тєлкова Оксана Василівна', 8, 36, 42),
(541, 'Тимошик Валерія Юріївна', 19, 0, 15),
(542, 'Тихонська Наталія Іванівна', 8, 28, 56),
(543, 'Тищенко Валерія Олексіївна', 8, 25, 67),
(544, 'Тітова Ольга Олександрівна', 8, 33, 0),
(545, 'Ткалич Максим Олегович', 8, 39, 34),
(546, 'Ткалич Маріанна Григоріївна', 8, 30, 47),
(547, 'Ткаченко Анатолій Володимирович', 6, 0, 61),
(548, 'Ткаченко Ірина Григорівна', 8, 35, 29),
(549, 'Ткаченко Світлана Петрівна', 8, 28, 56),
(550, 'Ткачук Володимир Миколайович', 19, 0, 41),
(551, 'Ткачук Оксана Василівна', 19, 0, 24),
(552, 'Тлустенко Ірина Олександрівна', 19, 17, 14),
(553, 'Товстоп`ятко Федір Федорович', 8, 37, 67),
(554, 'Тодоріко Ольга Олексіївна', 19, 0, 38),
(555, 'Тощев Геннадій Миколайович', 8, 21, 35),
(556, 'Третяк Юлія Юріївна', 8, 36, 42),
(557, 'Трофименко Марина Юріївна', 6, 0, 63),
(558, 'Тупахіна Ольга Володимирівна', 19, 36, 63),
(559, 'Турська Оксана Василівна', 8, 28, 51),
(560, 'Турченко Галина Федорівна', 18, 4, 35),
(561, 'Турченко Дмитро Кузьмич', 18, 3, 15),
(562, 'Турченко Федір Григорович', 11, 4, 21),
(563, 'Тяпкіна Наталія Іванівна', 8, 36, 10),
(564, 'Убейволк Оксана Олександрівна', 8, 37, 16),
(565, 'Уділова Тетяна Миколаївна', 8, 36, 42),
(566, 'Удовика Лариса Григорівна', 10, 16, 55),
(567, 'Узунова Оксана Василівна', 8, 39, 49),
(568, 'Ураков Дмитро Вікторович', 19, 0, 16),
(569, 'Урусова Зінаїда Петрівна', 8, 20, 28),
(570, 'Усманова Олена Вікторівна', 8, 36, 13),
(571, 'Фаворитов Володимир Миколайович', 8, 34, 18),
(572, 'Федоренко Лариса Вячеславівна', 8, 36, 53),
(573, 'Федотов Євген Рудольфович', 8, 17, 50),
(574, 'Фесенко Ірина Михайлівна', 8, 36, 2),
(575, 'Філь Олена Вікторівна', 19, 30, 65),
(576, 'Фролов Олександр Кирилович', 18, 5, 50),
(577, 'Хайдукова Тетяна Володимирівна', 19, 0, 53),
(578, 'Халемендик Євген Миколайович', 19, 0, 63),
(579, 'Халемендик Юлія Євгенівна', 6, 0, 37),
(580, 'Хапілова Віра Петрівна', 8, 30, 59),
(581, 'Хейлік Тетяна Олександрівна', 8, 36, 9),
(582, 'Хомяк Лілія Вікторівна', 6, 0, 16),
(583, 'Хом`як Тамара Володимирівна', 7, 36, 0),
(584, 'Хорішко Лілія Сергіївна', 8, 29, 1),
(585, 'Хребтова Вікторія Володимирівна', 8, 28, 37),
(586, 'Цапліна Ірина Сергіївна', 8, 37, 59),
(587, 'Циммерман Геннадій Анатолійович', 19, 0, 38),
(588, 'Цокур Євген Георгійович', 11, 9, 1),
(589, 'Чабаненко Мирослава Вікторівна', 8, 26, 66),
(590, 'Чайка Ірина Юріївна', 8, 37, 59),
(591, 'Чаплінська Тетяна Анатоліївна', 19, 0, 63),
(592, 'Чеверда Сергій Сергійович', 8, 20, 3),
(593, 'Череп Алла Василівна', 7, 3, 0),
(594, 'Черкасов Станіслав Сергійович', 19, 21, 17),
(595, 'Черненко Олена Євгенівна', 8, 25, 40),
(596, 'Чиженок Тамара Макарівна', 8, 17, 67),
(597, 'Чирвоний Олександр Сергійович', 8, 36, 2),
(598, 'Чкан Анна Сергіївна', 8, 20, 62),
(599, 'Чмут Сергій Володимирович', 8, 39, 57),
(600, 'Чопоров Сергій Вікторович', 8, 33, 23),
(601, 'Чуян Світлана Олександрівна', 8, 36, 2),
(602, 'Шавкун Ірина Григорівна', 7, 15, 0),
(603, 'Шама Ірина Миколаївна', 8, 36, 60),
(604, 'Шаповалова Вікторія Олександрівна', 1, 20, 3),
(605, 'Шапочка Наталія Вячеславівна', 19, 0, 53),
(606, 'Шарая Анна Анатоліївна', 8, 39, 34),
(607, 'Шаргай Ірина Євгенівна', 10, 36, 42),
(608, 'Швець Юлія Олександрівна', 1, 0, 39),
(609, 'Швидка Світлана Петрівна', 8, 35, 4),
(610, 'Шевченко Віталій Федорович', 18, 14, 54),
(611, 'Шевченко Наталія Федорівна', 9, 10, 65),
(612, 'Шевченко Наталія Федорівна', 18, 10, 47),
(613, 'Шевченко Олександр Іванович', 18, 36, 2),
(614, 'Шевченко Тарас Григорович', 8, 21, 30),
(615, 'Шевченко Юлія Олександрівна', 6, 0, 8),
(616, 'Шевчук Оксана Василівна', 8, 36, 60),
(617, 'Шептій Єлизавета Василівна', 6, 0, 20),
(618, 'Шеховцова Лілія Ігорівна', 8, 39, 49),
(619, 'Шиханов Руслан Борисович', 8, 21, 17),
(620, 'Шишкін Віктор Олександрович', 8, 20, 26),
(621, 'Шкопинський Євген Олексійович', 8, 17, 18),
(622, 'Шмелькова Ганна Миколаївна', 8, 28, 16),
(623, 'Шмиголь Надія Миколаївна', 11, 3, 28),
(624, 'Шпакова Наталія Григорівна', 6, 0, 16),
(625, 'Штейнле Олексій Федорович', 8, 21, 21),
(626, 'Шугальова Інна Михайлівна', 8, 21, 35),
(627, 'Шульга Олена Олексіївна', 1, 0, 41),
(628, 'Шулькевич Олена Анатоліївна', 6, 0, 51),
(629, 'Щипанова Ольга Олександрівна', 8, 39, 34),
(630, 'Юдіна Ольга Володимирівна', 8, 28, 16),
(631, 'Юнацька Анна Борисівна', 8, 36, 2),
(632, 'Яковлєва - Носарь Світлана Олегівна', 8, 17, 68),
(633, 'Яновський Олександр Сергійович', 10, 35, 61),
(634, 'Ярцева Лідія Іванівна', 19, 0, 37),
(635, 'Яценко Поліна Ігорівна', 19, 36, 53);

-- --------------------------------------------------------

--
-- Структура таблицы `teachers_academic_status`
--

CREATE TABLE IF NOT EXISTS `teachers_academic_status` (
  `academic_status_id` int(2) NOT NULL AUTO_INCREMENT,
  `academic_status_name` varchar(150) NOT NULL,
  PRIMARY KEY (`academic_status_id`)
) ENGINE=InnoDB  DEFAULT CHARSET=utf8 AUTO_INCREMENT=40 ;

--
-- Дамп данных таблицы `teachers_academic_status`
--

INSERT INTO `teachers_academic_status` (`academic_status_id`, `academic_status_name`) VALUES
(1, 'висококваліфікований спеціаліст'),
(2, 'доктор біологічних наук'),
(3, 'доктор економічних наук'),
(4, 'доктор історичних наук'),
(5, 'доктор медичних наук'),
(6, 'доктор наук з фізичного виховання та спорту'),
(7, 'доктор наук із соціальних комунікацій'),
(8, 'доктор педагогічних наук'),
(9, 'доктор політичних наук'),
(10, 'доктор психологічних наук'),
(11, 'доктор технічних наук'),
(12, 'доктор фармацевтичних наук'),
(13, 'доктор фізико-математичних наук'),
(14, 'доктор філологічних наук'),
(15, 'доктор філософських наук'),
(16, 'доктор юридичних наук'),
(17, 'кандидат біологічних наук'),
(18, 'кандидат географічних наук'),
(19, 'кандидат геолого-мінералогічних наук'),
(20, 'кандидат економічних наук'),
(21, 'кандидат історичних наук'),
(22, 'кандидат медичних наук'),
(23, 'кандидат мистецтвознавства'),
(24, 'кандидат наук з державного управління'),
(25, 'кандидат наук з фізичного виховання та спорту'),
(26, 'кандидат наук із соціальних комунікацій'),
(27, 'кандидат педагогічних  наук'),
(28, 'кандидат педагогічних наук'),
(29, 'кандидат політичних наук'),
(30, 'кандидат психологічних наук'),
(31, 'кандидат сільськогосподарських наук'),
(32, 'кандидат соціологічних наук'),
(33, 'кандидат технічних наук'),
(34, 'кандидат фармацевтичних наук'),
(35, 'кандидат фізико-математичних наук'),
(36, 'кандидат філологічних наук'),
(37, 'кандидат філософських наук'),
(38, 'кандидат хімічних наук'),
(39, 'кандидат юридичних наук');

-- --------------------------------------------------------

--
-- Структура таблицы `teachers_other_cathedra`
--

CREATE TABLE IF NOT EXISTS `teachers_other_cathedra` (
  `id_teacher` int(4) NOT NULL,
  `id_cathedra` int(3) NOT NULL,
  KEY `id_teacher` (`id_teacher`),
  KEY `id_cathedra` (`id_cathedra`)
) ENGINE=InnoDB DEFAULT CHARSET=utf8;

-- --------------------------------------------------------

--
-- Структура таблицы `teachers_position`
--

CREATE TABLE IF NOT EXISTS `teachers_position` (
  `position_id` int(2) NOT NULL AUTO_INCREMENT,
  `position_name` varchar(150) NOT NULL,
  PRIMARY KEY (`position_id`)
) ENGINE=InnoDB  DEFAULT CHARSET=utf8 AUTO_INCREMENT=20 ;

--
-- Дамп данных таблицы `teachers_position`
--

INSERT INTO `teachers_position` (`position_id`, `position_name`) VALUES
(1, 'асистент'),
(2, 'в.о. декана'),
(3, 'в.о. завідувача кафедри'),
(4, 'в.о. завідувача кафедри, доцент'),
(5, 'в.о. завідувача кафедри, професор'),
(6, 'викладач'),
(7, 'декан'),
(8, 'доцент'),
(9, 'завідувач кафедри'),
(10, 'завідувач кафедри, доцент'),
(11, 'завідувач кафедри, професор'),
(12, 'перший проректор'),
(13, 'помічник ректора'),
(14, 'проректор з адміністративно-господарської роботи'),
(15, 'проректор з науково-педагогічної роботи'),
(16, 'проректор з науково-педагогічної та навчальної роботи'),
(17, 'проректор з наукової роботи'),
(18, 'професор'),
(19, 'старший викладач');

--
-- Ограничения внешнего ключа сохраненных таблиц
--

--
-- Ограничения внешнего ключа таблицы `cathedra`
--
ALTER TABLE `cathedra`
  ADD CONSTRAINT `cathedra_ibfk_1` FOREIGN KEY (`id_faculty`) REFERENCES `faculty` (`faculty_id`) ON DELETE SET NULL ON UPDATE CASCADE;

--
-- Ограничения внешнего ключа таблицы `classrooms`
--
ALTER TABLE `classrooms`
  ADD CONSTRAINT `housing_id_for_classrooms` FOREIGN KEY (`id_housing`) REFERENCES `housing` (`housing_id`) ON UPDATE CASCADE;

--
-- Ограничения внешнего ключа таблицы `class_type`
--
ALTER TABLE `class_type`
  ADD CONSTRAINT `classrooms_id_for_class_type` FOREIGN KEY (`classroom_id`) REFERENCES `classrooms` (`classrooms_id`) ON UPDATE CASCADE,
  ADD CONSTRAINT `spec_class_id_for_class_type` FOREIGN KEY (`spec_class_id`) REFERENCES `spec_classes` (`spec_class_id`) ON UPDATE CASCADE;

--
-- Ограничения внешнего ключа таблицы `discipline_distribution`
--
ALTER TABLE `discipline_distribution`
  ADD CONSTRAINT `discipline_id` FOREIGN KEY (`id_discipline`) REFERENCES `discipline` (`discipline_id`) ON UPDATE CASCADE,
  ADD CONSTRAINT `group_id` FOREIGN KEY (`id_group`) REFERENCES `groups` (`group_id`) ON UPDATE CASCADE,
  ADD CONSTRAINT `lessons_type_id` FOREIGN KEY (`id_lessons_type`) REFERENCES `lessons_type` (`id`) ON UPDATE CASCADE;

--
-- Ограничения внешнего ключа таблицы `groups`
--
ALTER TABLE `groups`
  ADD CONSTRAINT `id_okr_for_groups` FOREIGN KEY (`id_okr`) REFERENCES `okr` (`okr_id`) ON UPDATE CASCADE;

--
-- Ограничения внешнего ключа таблицы `lessons`
--
ALTER TABLE `lessons`
  ADD CONSTRAINT `class_id_for_main_timetable` FOREIGN KEY (`id_classroom`) REFERENCES `classrooms` (`classrooms_id`) ON UPDATE CASCADE,
  ADD CONSTRAINT `disc_id_for_main_timetable` FOREIGN KEY (`id_discipline`) REFERENCES `discipline_distribution` (`discipline_distribution_id`) ON UPDATE CASCADE,
  ADD CONSTRAINT `fac_id_for_main_timetable` FOREIGN KEY (`id_faculty`) REFERENCES `faculty` (`faculty_id`) ON UPDATE CASCADE,
  ADD CONSTRAINT `gr_id_for_main_timetable` FOREIGN KEY (`id_group`) REFERENCES `groups` (`group_id`) ON UPDATE CASCADE,
  ADD CONSTRAINT `okr_id_for_main_timetable` FOREIGN KEY (`id_okr`) REFERENCES `okr` (`okr_id`) ON UPDATE CASCADE,
  ADD CONSTRAINT `spec_id_for_main_timetable` FOREIGN KEY (`id_speciality`) REFERENCES `speciality` (`speciality_id`) ON UPDATE CASCADE;

/*!40101 SET CHARACTER_SET_CLIENT=@OLD_CHARACTER_SET_CLIENT */;
/*!40101 SET CHARACTER_SET_RESULTS=@OLD_CHARACTER_SET_RESULTS */;
/*!40101 SET COLLATION_CONNECTION=@OLD_COLLATION_CONNECTION */;
